machine_id,machine_type,plant_section,shift,maintenance_plan,temperature_c,vibration_mm_s,pressure_bar,operating_hours,days_since_service,load_percent,alarm_count_30d,critical_failure_30d
M-200001,Motor,Process-A,Day,Standard,64.741,0.6536,8.484,2646.21,106.4,54.421,5,0
M-200002,Compressor,Process-A,Day,Enhanced,66.826,1.9533,,6211.56,186.33,71.98,2,0
M-200003,Compressor,Packaging,Evening,Standard,66.657,2.3781,5.572,3045.41,44.65,81.925,2,0
M-200004,Motor,Process-B,Evening,Standard,76.114,1.1704,1.5,3352.88,122.47,73.313,1,0
M-200005,Motor,Packaging,Evening,Standard,62.486,1.6846,6.869,,52.71,75.3,1,0
M-200006,Motor,Packaging,Night,Minimal,,1.1603,6.495,1855.78,109.49,72.42,1,0
M-200007,Motor,Utilities,Night,Standard,70.661,2.0284,5.602,2955.19,55.19,61.348,3,0
M-200008,Fan,Process-A,Evening,Enhanced,63.878,0.7617,6.207,1434.66,85.1,98.621,1,0
M-200009,Motor,Process-A,Night,Standard,56.973,1.5639,3.973,8412.17,77.66,59.673,2,0
M-200010,Motor,Process-B,Evening,Minimal,,3.9162,5.264,2451.46,43.4,88.16,1,0
M-200011,Compressor,,Evening,,60.435,,8.452,940.21,53.8,99.432,0,0
M-200012,Fan,Storage,Day,Standard,76.031,1.7356,7.471,10181.8,25.48,61.751,2,0
M-200013,Pump,Process-B,Evening,Standard,75.608,1.2503,8.971,4251.95,63.89,60.371,3,0
M-200014,Motor,Process-B,Night,Minimal,70.891,2.1735,7.292,8214.9,41.11,55.077,0,0
M-200015,Pump,Packaging,Day,Standard,69.895,,5.889,3675.35,40.01,82.432,1,0
M-200016,Compressor,Utilities,Day,Minimal,64.426,2.6932,6.94,4424.97,75.04,89.17,1,0
M-200017,Motor,Packaging,Night,Enhanced,59.457,1.8905,6.176,5147.41,31.06,63.3,1,0
M-200018,Motor,Process-A,Day,Minimal,63.227,0.8294,7.849,3778.24,107.9,77.975,0,0
M-200019,Fan,Storage,Day,Standard,70.383,1.6909,7.817,5857.8,183.48,86.951,1,0
M-200020,Fan,Utilities,Day,Standard,83.24,2.2837,7.263,5231.01,62.49,89.401,2,1
M-200021,Compressor,Utilities,Day,Standard,80.127,2.0539,5.492,5059.7,87.87,85.286,3,1
M-200022,Pump,Process-A,Evening,Standard,64.856,,6.233,5407.49,146.54,86.951,1,0
M-200023,Pump,Storage,Day,Standard,63.747,1.5416,5.104,7469.57,61.32,78.759,0,1
M-200024,Fan,Process-B,Day,Standard,87.909,1.6551,5.953,3718.39,91.35,78.429,0,0
M-200025,Pump,Packaging,Night,Standard,73.471,1.9791,6.491,,167.1,52.198,0,0
M-200026,Pump,Process-A,Day,Standard,63.894,1.4508,8.099,5968.68,42.32,78.012,0,0
M-200027,Pump,Process-A,Evening,,71.542,,9.54,5621.45,55.53,84.749,2,0
M-200028,Compressor,Process-B,Day,Enhanced,67.676,1.1671,5.554,4313.27,114.22,69.482,0,0
M-200029,Motor,Process-B,Evening,Standard,62.145,1.6215,6.266,2439.43,218.92,80.582,0,1
M-200030,Pump,Packaging,Day,Standard,49.423,2.7018,5.45,2678.72,23.69,59.627,1,0
M-200031,Motor,Utilities,Day,Minimal,63.431,2.306,4.079,3619.47,53.52,77.024,1,0
M-200032,Compressor,Process-B,Evening,,66.986,,6.862,8360.76,225.69,79.709,0,1
M-200033,Pump,Packaging,Evening,Standard,83.653,1.5471,7.271,9207.19,105.62,72.686,2,0
M-200034,Compressor,Utilities,Day,Standard,64.17,1.4988,6.551,4503.54,62.4,69.505,2,0
M-200035,Motor,Process-A,Day,Standard,77.128,2.3423,8.676,8447.47,87.63,76.139,1,0
M-200036,Fan,Storage,Evening,Enhanced,75.163,1.5806,6.024,4368.16,17.82,56.263,0,0
M-200037,Fan,Process-B,Evening,Standard,72.315,1.3541,7.952,2348.64,80.18,75.507,1,0
M-200038,Fan,Process-A,Day,Minimal,49.046,2.6683,4.122,1396.33,56.99,61.245,4,0
M-200039,,Process-A,Evening,,55.731,1.855,6.176,4630.59,38.63,61.977,1,0
M-200040,Pump,Storage,Day,Standard,48.477,1.4433,4.179,1962.57,38.2,,2,0
M-200041,Compressor,Process-B,Day,,,1.8346,3.392,2890.63,63.86,73.845,2,0
M-200042,Fan,Process-B,Night,Minimal,56.233,1.6056,4.642,4292.21,57.0,66.869,2,0
M-200043,Compressor,Packaging,Evening,Standard,65.464,1.9859,6.232,4009.75,58.1,68.455,1,0
M-200044,Motor,Packaging,Night,Standard,54.069,1.4603,4.134,3509.46,77.64,80.989,2,0
M-200045,Compressor,Process-B,Evening,Standard,75.633,2.7162,6.96,2014.04,166.67,80.32,2,1
M-200046,Fan,Process-A,Day,Standard,60.222,2.0038,6.368,4048.04,,93.039,3,0
M-200047,Compressor,Process-A,Evening,Enhanced,76.233,4.043,4.845,1584.92,83.0,63.131,1,0
M-200048,Pump,Packaging,Evening,Enhanced,55.938,1.4618,5.818,4477.02,109.88,84.422,0,0
M-200049,Pump,Utilities,Night,Enhanced,44.731,0.9714,9.318,,131.05,55.327,2,0
M-200050,Fan,Packaging,Night,Standard,57.637,0.9402,6.161,1163.09,229.87,62.228,0,0
M-200051,Fan,Utilities,Day,Standard,70.175,1.1208,6.134,3919.02,132.33,69.403,0,0
M-200052,Compressor,Process-A,Night,Enhanced,78.214,1.0706,9.189,3611.25,78.25,105.212,1,0
M-200053,Compressor,Utilities,Day,Enhanced,51.486,1.0159,7.41,,,105.927,2,0
M-200054,Pump,Storage,Night,Standard,,2.1905,5.97,2436.55,50.78,61.579,1,0
M-200055,Compressor,Process-A,Night,Standard,83.101,1.4521,4.705,3345.9,18.21,79.866,,0
M-200056,Pump,Packaging,Day,Standard,65.75,1.6205,7.998,2925.79,78.62,84.547,5,0
M-200057,Fan,,Evening,Enhanced,69.263,2.4068,7.043,3858.56,24.16,87.856,5,0
M-200058,Compressor,Packaging,Night,Enhanced,,2.7131,5.11,,92.36,65.617,1,0
M-200059,Pump,Process-A,,Enhanced,81.973,1.6354,5.373,6238.29,47.32,,1,0
M-200060,Motor,Utilities,Day,Standard,68.498,2.0566,8.324,,133.33,75.342,3,0
M-200061,Fan,Process-A,Day,Standard,77.148,1.3116,7.0,1498.35,64.14,80.513,0,0
M-200062,Compressor,Process-A,Evening,Standard,65.062,1.0563,3.106,7325.59,178.4,71.431,2,1
M-200063,Fan,Process-B,Night,Enhanced,75.387,3.2665,3.637,1033.96,41.39,94.694,1,0
M-200064,Compressor,Utilities,Day,Minimal,57.156,,8.766,5475.46,36.89,59.958,1,0
M-200065,Compressor,Process-A,Night,Standard,66.903,1.8128,7.844,3251.25,196.25,64.363,2,1
M-200066,Motor,Packaging,Night,Standard,63.166,3.4333,6.566,5174.45,155.1,60.972,1,0
M-200067,Fan,Process-B,Night,Minimal,54.484,1.9924,,3832.85,51.21,72.345,0,0
M-200068,Pump,Storage,Evening,Standard,,1.2142,7.102,4932.82,196.62,97.814,1,0
M-200069,Compressor,Packaging,Evening,Standard,67.694,2.4877,4.827,4986.91,70.25,68.617,1,0
M-200070,Motor,Process-A,Day,Standard,67.051,1.257,6.839,7984.92,186.59,77.63,1,0
M-200071,Fan,Process-A,Evening,Standard,76.065,1.6055,7.603,10409.92,220.16,78.881,1,0
M-200072,Compressor,Process-A,Evening,Standard,60.542,1.022,7.7,5500.82,102.65,80.437,0,0
M-200073,Fan,Process-A,Night,Standard,71.146,1.9486,,6316.01,14.22,60.905,,0
M-200074,Motor,Process-A,Night,,69.464,1.4495,6.905,6288.08,78.1,64.351,2,0
M-200075,Motor,Process-A,Day,Standard,74.318,1.4964,6.376,3017.75,139.11,77.196,3,0
M-200076,Motor,Storage,Day,Standard,,,5.87,13672.34,334.96,62.161,2,0
M-200077,Fan,Utilities,Evening,Standard,86.754,0.9419,7.159,5711.16,18.82,79.467,2,0
M-200078,Compressor,Process-A,Day,Minimal,,1.6811,7.128,4060.83,31.23,74.939,1,0
M-200079,Fan,Packaging,Day,Enhanced,67.231,1.6153,5.012,7525.11,59.37,66.369,2,0
M-200080,Fan,Storage,Night,Minimal,56.022,2.3657,8.012,6604.66,121.27,58.974,4,0
M-200081,Motor,Process-A,Evening,Enhanced,69.086,3.1181,8.3,5303.22,106.91,77.516,2,0
M-200082,Compressor,Process-A,Day,Standard,57.261,2.509,7.237,,63.81,51.69,2,0
M-200083,Fan,Packaging,Night,Standard,45.212,2.0581,7.198,8142.37,151.64,59.154,1,0
M-200084,,Process-B,Day,Standard,,1.113,6.582,3919.62,124.16,41.658,1,0
M-200085,Fan,Process-A,Night,Standard,57.549,0.9919,6.302,12997.39,46.82,45.425,4,0
M-200086,Compressor,Storage,Day,Standard,67.26,0.9087,9.268,6177.08,115.03,81.571,1,0
M-200087,Pump,Process-A,Night,Enhanced,67.851,1.8255,7.807,8921.6,,66.243,1,0
M-200088,Pump,Process-B,Day,Minimal,84.939,2.292,7.41,1836.1,91.08,73.049,1,0
M-200089,Fan,Process-B,Night,Enhanced,66.586,2.1802,6.892,7253.03,9.93,41.886,5,0
M-200090,Motor,,Evening,Minimal,54.895,0.9696,4.48,3702.32,107.01,62.432,0,0
M-200091,,Packaging,Day,Standard,63.005,,7.911,3148.64,10.61,71.521,1,0
M-200092,Motor,Process-A,,Standard,58.452,1.8219,10.749,4521.73,106.52,75.874,1,0
M-200093,Compressor,Process-A,Day,Standard,60.765,1.8538,9.303,5826.98,161.6,73.838,0,0
M-200094,Motor,Process-B,Night,Enhanced,61.509,5.0547,7.677,5129.17,32.75,72.921,0,0
M-200095,Compressor,Process-A,Evening,Minimal,65.389,,10.347,3172.4,96.21,88.015,1,0
M-200096,Motor,Process-A,Night,Minimal,74.998,1.6814,9.193,,28.78,110.0,,1
M-200097,Compressor,Process-B,Day,,73.662,1.4601,5.225,5370.37,84.1,73.965,2,1
M-200098,Pump,Packaging,Day,Standard,73.575,1.1552,4.9,9091.01,105.0,76.66,0,0
M-200099,Compressor,,Day,Standard,73.753,1.8577,5.965,4466.26,111.83,76.209,0,0
M-200100,Motor,Utilities,Night,Standard,71.151,1.228,4.551,6440.14,47.34,71.826,1,0
M-200101,Compressor,Process-A,Evening,Minimal,66.382,1.8783,8.051,9038.51,156.65,69.152,2,1
M-200102,Compressor,Process-A,Day,Enhanced,84.066,1.3981,7.936,2836.93,84.36,77.891,2,0
M-200103,Pump,Packaging,Evening,Enhanced,72.132,0.9422,4.546,4459.7,138.05,69.246,1,0
M-200104,Motor,Process-A,Day,Standard,61.831,0.8415,6.999,5638.23,17.81,60.15,2,0
M-200105,Fan,Process-B,Night,Standard,78.626,,8.026,9263.12,80.48,110.0,2,0
M-200106,Pump,Process-A,Evening,Standard,67.974,1.9963,5.524,2132.65,128.49,71.03,0,0
M-200107,Fan,Process-B,Day,Enhanced,,2.1707,9.78,11967.77,29.42,73.587,2,0
M-200108,Motor,Process-A,Day,Standard,68.061,,6.812,6019.25,54.55,82.02,0,0
M-200109,Motor,Utilities,Day,Enhanced,72.844,1.9498,5.979,2315.37,89.34,67.925,2,0
M-200110,Compressor,Process-B,Evening,Enhanced,74.172,1.7045,7.728,3677.13,46.62,55.784,5,0
M-200111,Motor,Packaging,Night,Enhanced,68.649,1.2483,8.648,3775.63,73.49,80.475,1,0
M-200112,Pump,Storage,Day,Enhanced,46.132,1.0283,3.735,8265.56,157.18,69.58,1,0
M-200113,Motor,Process-A,Night,Standard,63.934,,5.368,5385.62,62.48,73.818,2,0
M-200114,Pump,Process-B,Evening,Standard,46.859,,7.219,2897.38,91.1,78.052,0,0
M-200115,,Process-A,Night,Standard,72.511,1.3718,7.019,8226.45,73.38,49.074,4,1
M-200116,Pump,Process-A,Day,Minimal,,1.7363,6.761,3771.59,73.57,92.803,0,0
M-200117,Pump,Process-B,Evening,Standard,,2.8741,6.425,2678.85,30.55,94.52,3,0
M-200118,Pump,Packaging,Day,Standard,77.476,1.4732,5.914,2104.99,78.77,88.667,,0
M-200119,Motor,Utilities,Night,Enhanced,79.658,2.0194,6.154,,45.09,91.266,3,0
M-200120,Pump,Process-B,Day,Standard,,1.4185,8.536,6503.7,177.9,62.159,1,1
M-200121,Fan,Process-B,Night,Standard,72.18,1.63,6.664,18000.0,190.43,80.072,1,0
M-200122,Compressor,Process-A,Day,Minimal,59.124,2.904,8.879,3314.58,34.48,83.19,2,0
M-200123,Motor,Packaging,Evening,Standard,,1.1421,7.346,4795.13,177.89,68.545,1,0
M-200124,Compressor,Utilities,Evening,Standard,68.909,2.1765,7.205,5183.11,48.96,34.257,1,0
M-200125,Compressor,Utilities,Evening,Standard,69.37,0.9929,5.868,1241.27,60.3,49.08,1,0
M-200126,Compressor,Process-B,Day,Minimal,,,7.869,2661.05,141.79,95.359,1,0
M-200127,Motor,Process-A,Night,Minimal,65.733,1.2638,8.249,4907.34,98.91,59.431,1,0
M-200128,Compressor,Packaging,Night,Enhanced,67.888,1.5217,1.733,5014.99,36.42,87.041,0,0
M-200129,,Process-A,Evening,Minimal,56.377,1.3517,5.853,1094.27,265.01,86.423,1,0
M-200130,Pump,Storage,Night,Enhanced,63.735,1.6124,5.609,7758.04,69.57,56.452,2,0
M-200131,Pump,Process-B,Day,Enhanced,76.133,1.9653,7.264,7898.62,76.97,78.136,1,0
M-200132,Compressor,Utilities,Day,Standard,79.026,1.6937,5.16,1521.8,144.09,62.011,1,0
M-200133,Motor,Process-A,Day,Enhanced,,2.3042,9.909,3206.75,80.43,75.803,1,0
M-200134,Pump,Process-A,Evening,Standard,55.801,1.0479,7.889,3181.8,87.48,101.44,1,0
M-200135,Pump,Process-A,Evening,Standard,62.314,1.0432,6.869,10047.84,85.6,57.953,3,0
M-200136,Pump,Process-A,Evening,Standard,82.148,2.3587,9.538,2746.77,103.94,61.289,1,0
M-200137,Motor,Packaging,Evening,Standard,74.198,1.5285,6.342,5770.53,63.57,93.048,3,0
M-200138,Compressor,Process-A,Evening,,73.61,0.7115,8.035,2886.72,94.93,63.434,5,1
M-200139,Pump,Process-B,Night,Minimal,68.974,0.9584,6.167,3039.39,41.12,74.565,2,0
M-200140,Fan,Process-B,Day,Standard,59.27,1.6068,6.686,3277.66,90.35,75.832,2,0
M-200141,Motor,Packaging,Evening,Standard,57.55,3.3572,6.491,4651.76,100.8,77.022,4,0
M-200142,Fan,Process-A,,Enhanced,55.199,1.4545,6.366,1977.89,84.54,67.945,3,0
M-200143,Compressor,Utilities,Night,Enhanced,59.828,1.5647,6.175,5034.84,73.43,74.148,1,0
M-200144,Pump,Process-B,Evening,Standard,57.375,1.0771,7.144,3722.98,10.1,78.863,3,0
M-200145,Pump,Process-A,Day,Standard,75.394,1.8971,4.367,5627.42,,66.488,2,0
M-200146,Pump,Utilities,Evening,Standard,59.719,2.4581,4.437,6522.56,38.68,95.174,3,0
M-200147,Fan,Storage,Evening,Minimal,72.948,0.9272,9.021,2858.07,23.5,74.256,3,0
M-200148,Motor,Utilities,Day,Standard,56.476,1.3438,7.642,8387.54,34.81,53.992,1,0
M-200149,Pump,Process-B,Night,Enhanced,,1.271,4.087,6402.43,62.97,75.755,0,0
M-200150,Fan,Storage,Evening,Standard,58.076,2.587,6.663,7227.14,54.91,92.63,3,0
M-200151,Pump,Storage,Evening,Standard,,3.0692,5.305,9752.58,98.94,71.45,3,0
M-200152,Pump,Process-A,Evening,Standard,60.684,1.5536,6.049,7461.23,79.85,94.424,3,0
M-200153,Fan,Utilities,Day,Standard,74.707,1.1079,7.383,4865.2,40.65,75.794,0,0
M-200154,Motor,Packaging,Evening,Enhanced,80.886,4.3447,7.584,3993.39,104.62,74.277,1,0
M-200155,Compressor,Utilities,Evening,Standard,81.251,0.9908,8.06,2298.82,184.93,64.704,0,0
M-200156,Pump,Process-A,Day,Enhanced,59.852,6.6656,9.302,560.49,126.74,59.523,0,0
M-200157,Motor,Storage,Night,Minimal,,1.515,7.71,5457.35,96.56,91.926,2,0
M-200158,Fan,Packaging,Day,Minimal,64.607,1.8175,4.51,6613.45,22.75,106.161,3,0
M-200159,Motor,Utilities,Night,Standard,66.049,1.3778,7.816,3081.99,59.63,,0,0
M-200160,Motor,Process-B,Night,Enhanced,75.77,2.4564,,12828.75,8.88,82.789,1,0
M-200161,Pump,Process-B,Day,Minimal,58.05,2.5815,,1334.53,157.35,85.044,0,0
M-200162,Compressor,Packaging,Night,Minimal,81.345,1.5863,9.24,4627.89,43.92,85.263,1,1
M-200163,Motor,Utilities,Day,Standard,40.825,1.0498,6.959,4576.34,141.02,80.964,0,0
M-200164,Motor,Process-B,Evening,Standard,81.341,2.3787,4.445,5831.03,149.3,69.157,1,0
M-200165,,Packaging,Day,Standard,86.91,1.6361,5.604,2744.71,58.02,59.691,0,0
M-200166,Pump,Packaging,,Standard,78.019,0.7963,8.158,2360.43,25.85,64.589,1,0
M-200167,Motor,Process-A,Evening,Standard,55.311,0.9191,7.951,12402.23,114.23,61.168,0,0
M-200168,Motor,Process-B,Evening,Standard,78.128,1.5245,4.095,2199.95,54.06,79.047,3,0
M-200169,Pump,Utilities,Night,Minimal,62.422,2.8317,5.815,3940.5,50.17,75.886,2,0
M-200170,Compressor,Process-A,Night,Minimal,77.746,2.8511,9.491,5117.28,42.56,70.496,3,0
M-200171,Compressor,Packaging,Evening,Enhanced,71.178,2.0764,6.638,3466.12,143.65,54.314,2,0
M-200172,Compressor,Process-A,Day,Standard,68.707,1.136,1.895,10549.78,82.8,67.115,0,0
M-200173,Motor,Packaging,Day,Minimal,68.749,2.0116,7.174,3912.75,85.86,71.062,2,0
M-200174,Compressor,Process-B,Night,Minimal,57.654,2.2559,5.261,7582.21,26.58,82.395,3,0
M-200175,Motor,,Day,Standard,84.989,2.1099,5.076,1489.43,13.07,80.418,3,0
M-200176,Fan,Process-A,Day,Minimal,68.247,2.6744,7.216,5375.3,109.99,56.385,5,1
M-200177,Fan,Utilities,Evening,Standard,71.01,1.3799,6.153,5151.11,123.22,71.884,1,0
M-200178,Motor,Process-B,Evening,Standard,61.161,1.2401,5.169,1792.15,35.32,67.834,1,0
M-200179,Motor,Process-A,Night,Standard,,1.1515,8.331,4552.15,11.54,76.334,3,0
M-200180,Motor,Packaging,Night,Standard,83.549,1.1974,6.25,11529.71,175.95,63.897,3,1
M-200181,Fan,Process-A,Day,Standard,68.09,0.8639,4.779,7713.95,92.35,64.168,1,0
M-200182,Compressor,Utilities,Evening,Enhanced,,2.1061,4.808,,74.3,67.81,1,0
M-200183,Fan,Utilities,Evening,Standard,63.41,3.2289,7.814,2437.59,7.35,56.663,0,0
M-200184,Pump,Process-B,Day,Standard,88.795,3.9557,9.565,7262.94,,72.416,2,0
M-200185,Fan,,Day,Standard,73.212,,4.848,3456.02,135.4,81.753,3,0
M-200186,Compressor,Packaging,Evening,Minimal,62.205,2.3602,4.48,2849.54,80.28,106.604,0,0
M-200187,Pump,Process-B,Evening,Standard,76.434,2.7634,7.994,6804.24,90.42,78.863,1,1
M-200188,Compressor,Storage,Day,Minimal,56.743,2.4113,4.521,3170.78,12.81,58.132,3,0
M-200189,Pump,Utilities,Night,Enhanced,47.317,2.9166,7.256,4862.08,52.86,57.774,0,0
M-200190,Fan,Process-A,Day,Standard,85.537,2.9928,6.697,6563.17,66.59,78.097,3,1
M-200191,Motor,Process-B,Evening,Standard,78.397,1.0789,7.8,7547.4,183.42,78.489,2,1
M-200192,Pump,Packaging,Evening,Standard,77.284,,4.533,3780.0,42.09,82.735,0,0
M-200193,Compressor,Process-B,Day,Standard,44.137,2.4612,6.951,7852.53,210.86,,1,0
M-200194,Compressor,Packaging,Night,Minimal,61.233,2.3848,7.603,3355.02,107.6,68.933,1,0
M-200195,Pump,Utilities,,Standard,74.973,2.1554,6.178,11654.39,33.8,91.844,1,0
M-200196,Compressor,Process-A,Evening,Standard,74.935,3.1246,5.917,,101.72,69.917,4,0
M-200197,Motor,Process-B,Day,Standard,66.421,1.9049,7.64,18000.0,307.33,69.482,2,1
M-200198,Pump,Process-B,Evening,Minimal,,4.1908,5.318,4173.49,52.93,65.248,1,1
M-200199,Pump,Utilities,Night,Enhanced,82.792,1.1022,5.871,2358.35,25.86,83.8,1,0
M-200200,Compressor,Process-B,Day,Standard,65.884,2.4801,5.622,1860.62,,70.585,,0
M-200201,Pump,Process-A,Day,Enhanced,54.5,3.2263,,12250.36,38.28,71.532,5,0
M-200202,Compressor,Process-A,Night,Minimal,79.453,1.0437,4.83,,242.19,45.23,2,1
M-200203,Compressor,Packaging,Evening,Enhanced,72.821,1.3042,,18000.0,186.8,60.882,1,1
M-200204,Fan,Process-B,Night,Standard,72.237,1.623,6.567,5150.42,43.16,64.366,0,0
M-200205,Compressor,Process-B,Night,Standard,103.508,1.4063,6.797,452.23,,83.111,2,0
M-200206,Pump,Packaging,Night,Enhanced,75.939,1.4729,4.954,7975.97,111.51,72.219,1,0
M-200207,,Process-A,Evening,Enhanced,78.154,1.4799,7.721,8884.81,79.29,87.12,2,0
M-200208,Compressor,Process-A,Night,Standard,86.371,4.1543,7.284,3378.87,4.08,60.831,2,1
M-200209,Motor,Process-B,Evening,Enhanced,69.586,1.7205,5.178,4089.27,37.74,88.634,4,0
M-200210,Pump,Process-B,Night,Enhanced,59.51,1.1985,7.88,1739.07,30.09,89.851,1,0
M-200211,Motor,Utilities,Evening,Enhanced,74.156,2.3368,5.779,1163.12,15.78,77.277,0,0
M-200212,Fan,Process-A,Night,Standard,71.588,,6.994,5978.9,73.85,87.498,2,0
M-200213,Compressor,Process-A,Evening,Minimal,62.873,1.7956,6.955,4030.1,43.05,63.025,1,0
M-200214,Fan,Storage,Day,Enhanced,80.064,1.8689,5.717,3589.79,152.53,80.446,1,0
M-200215,Motor,Process-A,Day,Standard,51.803,1.5954,3.899,5410.72,,67.903,0,0
M-200216,Fan,Storage,Day,Minimal,67.823,1.4235,5.191,6309.8,75.19,72.927,4,0
M-200217,Motor,Utilities,Day,Enhanced,70.825,1.2138,6.998,2997.51,197.65,80.124,2,0
M-200218,Pump,Utilities,Day,Standard,66.314,0.6379,7.425,5978.41,55.54,84.361,2,0
M-200219,Motor,Utilities,Day,Minimal,75.955,1.8665,6.705,14467.77,75.5,66.519,2,1
M-200220,Pump,Packaging,Evening,Standard,75.972,1.9696,6.566,1267.93,176.25,77.377,1,0
M-200221,Compressor,Utilities,Evening,Enhanced,59.239,0.8234,6.933,10200.13,69.42,88.479,3,0
M-200222,Pump,Process-B,Evening,Standard,56.163,1.625,6.975,740.32,244.62,38.293,2,0
M-200223,Pump,Process-B,,Standard,77.225,1.1904,7.379,3797.16,128.09,85.804,1,0
M-200224,Pump,Process-A,Night,Minimal,64.582,0.9227,8.649,,92.32,70.925,3,0
M-200225,Motor,Process-A,Day,Standard,78.999,1.9739,8.423,8383.49,69.02,67.059,4,0
M-200226,Motor,Process-B,Evening,Standard,74.093,2.136,4.891,5118.92,146.37,49.573,2,0
M-200227,Fan,Packaging,Evening,Standard,62.712,2.3721,8.825,4651.66,61.69,58.62,2,0
M-200228,Fan,Process-B,,Standard,63.74,3.9396,,4109.7,57.87,71.38,1,0
M-200229,Fan,Packaging,Day,Standard,52.073,2.3278,5.683,3581.7,94.6,90.415,1,0
M-200230,,Process-A,,Standard,73.534,1.2953,5.389,5566.04,34.64,52.743,2,0
M-200231,Motor,Utilities,Day,Standard,53.218,0.6065,,8171.22,108.06,62.431,1,0
M-200232,Motor,Storage,Day,Standard,78.153,1.7464,6.712,6120.25,87.38,87.985,4,0
M-200233,Pump,Packaging,Night,Minimal,65.956,1.4247,6.826,4677.38,97.98,36.265,3,0
M-200234,Pump,Process-A,Day,Standard,58.655,1.8486,5.917,6171.95,66.96,53.131,1,0
M-200235,Motor,Storage,Night,Standard,87.641,1.4035,8.086,8374.57,43.71,38.878,1,0
M-200236,Motor,Process-B,Day,Enhanced,69.06,1.8679,6.225,7848.58,32.03,49.804,2,0
M-200237,Pump,Utilities,Day,Standard,70.902,2.5427,4.874,2708.25,23.13,95.684,4,0
M-200238,Compressor,Process-A,Day,Standard,74.967,1.4937,4.433,10132.19,43.47,56.541,3,0
M-200239,Motor,Process-A,Evening,Enhanced,60.521,1.723,7.206,4597.59,143.04,70.845,1,0
M-200240,Motor,Storage,,Standard,65.418,1.743,8.034,2773.07,42.15,90.688,0,0
M-200241,Pump,Utilities,Evening,Minimal,57.576,,7.681,2198.92,91.72,101.414,1,0
M-200242,Fan,Process-B,Evening,Standard,67.855,1.0981,5.3,6221.75,69.97,93.952,2,0
M-200243,Pump,Utilities,Evening,Minimal,66.252,1.0821,6.402,3647.21,,67.756,2,0
M-200244,Pump,Utilities,Day,Standard,73.829,2.0578,7.437,2037.68,261.23,61.43,0,0
M-200245,Fan,Process-B,Night,Enhanced,95.725,1.7112,7.227,,155.27,66.666,1,0
M-200246,Motor,Utilities,Day,Standard,62.098,3.0907,,6983.17,22.64,67.235,2,0
M-200247,Compressor,Process-B,Night,Standard,61.47,1.2494,4.643,11666.76,223.65,48.154,4,1
M-200248,Motor,Process-A,Night,Standard,69.803,1.5226,4.271,9547.83,50.04,65.967,2,0
M-200249,Compressor,Packaging,Night,Standard,76.772,1.5227,4.752,1688.68,183.55,43.106,0,0
M-200250,Motor,Packaging,Evening,Standard,69.892,1.8242,5.207,4750.29,8.72,81.85,1,0
M-200251,Fan,Process-A,Day,Standard,73.058,1.4032,4.525,756.57,133.0,83.127,1,0
M-200252,Pump,Packaging,Night,,66.378,4.6349,5.728,2003.9,129.0,74.34,0,0
M-200253,Compressor,Process-B,Night,Minimal,77.545,1.3022,4.691,7243.01,136.04,56.967,1,0
M-200254,Fan,Storage,Night,Standard,,0.977,7.509,4314.07,21.25,64.81,2,0
M-200255,Fan,Utilities,Day,,58.372,3.0995,5.432,3347.89,108.27,47.566,2,0
M-200256,Fan,Packaging,Night,Enhanced,76.697,1.6861,4.145,3991.0,90.94,70.634,4,0
M-200257,Compressor,Process-A,Day,Standard,63.923,2.7558,7.589,1349.91,104.94,40.57,1,0
M-200258,Fan,Process-B,Evening,Standard,62.854,3.5579,7.719,859.05,73.52,63.221,3,0
M-200259,Motor,Utilities,Day,Minimal,71.58,,3.481,4719.09,2.79,83.271,1,0
M-200260,Pump,Process-B,Night,Standard,65.956,0.6803,6.605,3034.38,52.87,84.509,0,0
M-200261,Motor,Storage,Evening,Standard,60.083,0.6286,6.599,2956.81,80.24,44.726,0,0
M-200262,Motor,Process-B,,Standard,84.111,1.1821,,2894.87,27.43,74.302,4,0
M-200263,Motor,Storage,Night,Standard,69.087,3.9233,6.73,6501.96,,41.139,5,0
M-200264,Compressor,Utilities,Night,Enhanced,71.094,0.8741,9.378,1230.19,50.79,82.692,1,0
M-200265,Fan,Process-B,Night,Standard,57.215,1.5567,8.168,7208.2,112.27,75.562,2,0
M-200266,Pump,Utilities,Night,Minimal,,1.6334,6.698,9895.06,118.71,57.739,1,0
M-200267,Pump,Process-B,Day,Standard,59.872,,5.95,8551.49,76.76,,2,0
M-200268,Pump,Utilities,Night,Enhanced,66.607,1.9934,7.133,2679.31,166.92,34.241,0,0
M-200269,Pump,Storage,Day,Standard,73.722,1.1225,5.456,2009.63,120.71,74.992,2,0
M-200270,Pump,Process-B,Night,Standard,50.616,2.4343,9.249,5294.52,153.64,56.24,2,0
M-200271,Motor,Process-A,Day,Enhanced,83.627,1.3508,4.321,3282.07,67.56,55.574,1,0
M-200272,Fan,Utilities,Night,Enhanced,60.893,4.7389,8.762,4914.94,50.04,,1,1
M-200273,Pump,Process-B,Day,Minimal,66.641,1.36,7.539,4713.16,90.53,69.173,2,0
M-200274,,Process-A,Day,Standard,72.451,1.6558,6.097,1694.57,95.75,68.631,1,0
M-200275,Compressor,,Day,Standard,35.0,1.1438,6.413,5333.09,61.92,30.943,1,0
M-200276,Pump,Packaging,Day,Standard,60.222,2.348,5.215,7028.07,104.92,50.399,1,0
M-200277,Fan,Storage,Night,Standard,82.362,0.9944,7.612,4627.22,56.23,94.555,1,0
M-200278,Compressor,Packaging,Evening,Minimal,,1.3076,,4514.81,93.31,51.449,2,0
M-200279,Compressor,Packaging,Day,Enhanced,38.217,1.5008,,,27.42,66.766,,0
M-200280,Motor,Process-B,Evening,Standard,64.554,0.8321,6.388,8880.16,37.61,84.549,0,0
M-200281,Motor,Storage,Day,Standard,65.88,2.6269,2.798,4720.84,97.38,69.019,1,0
M-200282,Compressor,Packaging,Night,Minimal,78.554,,6.859,2918.15,92.21,70.658,0,0
M-200283,Fan,Utilities,Night,Standard,71.019,2.1173,7.558,8196.43,70.43,80.861,1,0
M-200284,Motor,Process-A,Night,Standard,64.265,1.4005,6.925,3482.44,32.64,48.198,0,0
M-200285,,Process-B,Day,Enhanced,64.778,2.1994,5.477,3560.98,53.93,87.776,1,0
M-200286,Pump,Storage,Evening,Enhanced,51.256,1.3909,8.893,,29.6,48.689,0,0
M-200287,Compressor,Packaging,Evening,Standard,54.338,3.501,6.803,8514.6,41.75,42.013,1,0
M-200288,Fan,Storage,Day,Standard,65.261,1.0511,4.435,2634.21,88.23,71.691,2,0
M-200289,Motor,Process-A,Day,Enhanced,65.416,3.1052,7.039,6130.55,22.03,57.291,1,0
M-200290,Pump,Utilities,Night,Standard,70.148,1.9569,5.809,10143.91,97.81,82.009,3,1
M-200291,Pump,Storage,Night,Standard,80.633,1.1578,4.586,10305.12,89.26,68.974,2,0
M-200292,Fan,Utilities,Evening,Enhanced,57.327,0.8093,3.59,6289.09,96.79,97.0,0,0
M-200293,Pump,Packaging,Evening,Standard,76.458,,6.757,8170.4,28.51,69.368,0,0
M-200294,Motor,Process-A,Night,Minimal,64.233,3.2949,8.249,4576.39,37.05,87.732,3,0
M-200295,Pump,Packaging,Night,Minimal,75.463,1.151,7.467,2485.3,70.02,77.556,1,0
M-200296,Compressor,Storage,Day,Standard,65.432,0.6622,7.572,377.02,55.19,85.602,1,0
M-200297,Fan,Process-B,,Standard,78.947,1.4347,5.044,3810.98,70.56,93.58,4,0
M-200298,Motor,Process-A,Day,Standard,76.428,2.032,4.336,3189.34,281.76,75.231,0,0
M-200299,Pump,Process-B,Day,Enhanced,78.842,0.8472,8.071,6351.65,40.8,63.488,2,0
M-200300,Pump,Process-B,Day,Minimal,73.214,1.0531,8.229,8880.84,155.3,86.644,4,1
M-200301,Motor,Process-A,,Enhanced,88.444,2.338,6.047,3098.12,44.85,74.426,1,0
M-200302,Pump,Utilities,Evening,Enhanced,55.49,2.4312,4.856,1235.05,53.02,77.909,1,1
M-200303,Pump,Packaging,Night,Standard,67.132,,7.756,6220.11,81.15,98.585,1,1
M-200304,Motor,Process-A,Night,Enhanced,80.453,3.0552,7.006,6861.57,4.97,78.558,1,0
M-200305,Compressor,Utilities,,Standard,65.133,1.1226,7.869,3428.23,71.76,,1,0
M-200306,Compressor,Packaging,Evening,Standard,89.598,0.815,4.978,2988.1,66.55,62.239,1,0
M-200307,Compressor,Process-B,Day,Standard,61.392,2.7135,5.522,4041.33,40.09,71.837,2,0
M-200308,Motor,Packaging,Night,Standard,66.559,1.4468,7.863,2410.06,24.68,89.866,0,0
M-200309,Motor,Packaging,Night,Enhanced,82.579,2.453,6.478,17157.56,79.53,85.723,0,0
M-200310,Motor,Process-B,Day,Standard,76.981,1.4865,7.034,3336.12,90.88,80.222,0,0
M-200311,Motor,Process-B,Day,Enhanced,73.62,2.9866,8.431,1821.77,20.08,83.531,1,0
M-200312,Compressor,Process-A,Evening,Enhanced,54.579,2.0503,7.848,16930.19,140.46,57.241,0,0
M-200313,Motor,Packaging,Evening,Standard,57.036,2.14,6.04,3641.38,49.82,76.851,2,0
M-200314,Fan,Packaging,Day,Standard,55.503,3.7527,6.199,11048.12,75.09,59.07,0,0
M-200315,Motor,Packaging,Day,Minimal,67.199,1.3971,9.247,5289.66,18.96,57.081,0,0
M-200316,Motor,Process-B,Night,Minimal,72.736,,6.413,7361.88,17.36,71.519,1,0
M-200317,Fan,Utilities,Day,Enhanced,73.897,2.0634,3.617,1425.4,50.86,66.715,2,0
M-200318,Compressor,Storage,Evening,Standard,83.094,3.0244,6.52,7086.01,88.03,67.493,1,0
M-200319,Compressor,Process-A,Evening,Standard,67.153,,6.453,8563.89,76.27,78.687,0,0
M-200320,Motor,Process-B,Day,Standard,60.488,0.8638,3.665,4526.79,,53.998,3,0
M-200321,Pump,Process-B,Day,Standard,62.779,1.7319,5.72,15716.74,82.75,81.323,3,1
M-200322,Pump,Packaging,Day,Enhanced,71.61,1.107,3.171,3976.26,16.98,63.875,0,0
M-200323,Compressor,Process-A,Day,Standard,55.274,3.1162,7.958,,156.06,76.199,3,1
M-200324,Compressor,Packaging,Night,Minimal,62.667,2.4782,4.478,780.46,110.55,73.412,1,0
M-200325,Motor,Storage,Night,Minimal,71.819,2.0375,9.873,1854.71,59.92,68.8,2,0
M-200326,Motor,Packaging,Evening,Minimal,,0.9181,7.809,4803.26,75.73,55.457,1,0
M-200327,Pump,,Day,Standard,64.041,2.0437,6.403,,85.84,60.676,1,0
M-200328,Motor,,Night,Standard,78.611,2.6309,5.365,1160.87,65.36,77.153,,0
M-200329,Fan,Process-B,Day,Standard,61.553,0.9462,9.02,4346.55,36.46,67.634,2,0
M-200330,Motor,Process-B,Day,Standard,82.652,0.9353,6.954,3116.2,72.53,85.308,7,1
M-200331,Fan,,Evening,Enhanced,70.493,1.4371,5.985,6297.87,33.7,65.299,1,0
M-200332,Compressor,Utilities,Day,Enhanced,65.714,1.0858,4.329,4097.36,17.96,53.241,0,0
M-200333,Motor,Packaging,Night,Standard,54.073,1.0425,6.041,5016.84,92.16,69.36,0,0
M-200334,Motor,Packaging,Day,Enhanced,82.947,2.6091,5.416,,52.03,,1,0
M-200335,Compressor,Packaging,Day,Standard,66.376,3.6489,8.139,740.11,238.35,71.911,0,0
M-200336,Fan,Utilities,Evening,Standard,45.677,2.5051,5.315,3787.54,71.17,69.246,1,0
M-200337,Pump,Packaging,Evening,Minimal,68.435,2.5092,4.79,6535.17,29.41,73.126,3,0
M-200338,Fan,Packaging,Day,Standard,65.347,1.8034,8.838,9692.12,45.19,67.967,3,0
M-200339,Motor,Packaging,Evening,Standard,44.252,1.3014,4.131,1997.68,69.27,91.833,3,0
M-200340,Motor,Utilities,Day,Standard,55.23,1.6327,5.557,2644.79,27.3,94.376,3,0
M-200341,,Utilities,Night,Enhanced,68.778,1.7335,6.261,1700.6,92.3,39.534,,0
M-200342,Compressor,Utilities,Night,Enhanced,63.34,0.7914,5.139,3158.32,43.41,62.695,0,0
M-200343,Compressor,Packaging,Night,Enhanced,73.632,,8.328,2127.33,23.54,74.653,2,0
M-200344,Motor,Utilities,Day,Standard,63.082,,9.687,5354.45,143.58,70.598,0,0
M-200345,Pump,Process-B,Day,Enhanced,79.95,1.084,8.778,2617.38,99.21,78.884,2,0
M-200346,Motor,Process-A,Evening,Minimal,76.004,,,1989.89,163.76,49.548,,1
M-200347,Motor,Utilities,Night,Enhanced,67.502,1.8926,4.25,10977.73,95.42,61.747,0,0
M-200348,Pump,Process-A,Evening,Standard,44.101,1.6525,7.421,917.55,36.04,77.828,5,0
M-200349,Pump,Utilities,Evening,Minimal,66.694,1.8529,6.309,4757.7,275.55,,2,0
M-200350,Fan,Utilities,Day,Minimal,68.766,1.0928,4.433,6037.52,77.9,59.972,1,0
M-200351,Compressor,Process-B,Day,Standard,78.055,2.6693,5.455,4066.48,95.71,68.381,2,0
M-200352,Fan,Process-B,Evening,Standard,66.973,2.067,8.811,5153.24,166.21,41.765,1,0
M-200353,Motor,,Night,Standard,86.477,2.2875,6.029,3279.44,69.53,80.04,1,0
M-200354,Compressor,,Night,Standard,54.434,3.2527,5.331,3613.68,32.69,61.108,3,0
M-200355,Pump,Process-A,Day,Enhanced,65.432,,7.845,5762.49,41.55,76.014,0,0
M-200356,Compressor,Process-B,Day,Standard,69.083,0.9622,7.16,9332.94,106.34,82.697,,1
M-200357,Fan,Process-B,Day,,37.836,1.8072,7.196,12169.87,58.22,61.89,1,0
M-200358,Pump,,Evening,Standard,62.534,,8.837,3615.36,225.38,77.391,2,1
M-200359,Compressor,Packaging,Day,Standard,78.272,1.1301,4.655,6354.61,48.32,60.312,1,0
M-200360,Motor,Process-A,Day,Standard,59.752,1.602,7.41,3336.49,146.01,43.896,1,0
M-200361,Motor,Process-A,Day,Standard,65.327,1.9828,5.288,3061.91,119.51,65.688,2,0
M-200362,Pump,Process-A,Day,Standard,67.933,1.4107,8.875,1548.25,154.7,70.972,1,0
M-200363,Pump,,Day,Standard,85.224,3.5983,6.885,758.66,64.76,76.222,3,1
M-200364,Motor,Packaging,Night,Enhanced,48.702,3.0625,5.583,1230.85,,103.349,2,0
M-200365,Fan,Utilities,Day,Standard,,1.3746,8.311,1540.54,148.41,69.497,,0
M-200366,Fan,Packaging,Evening,Standard,65.74,1.3957,7.808,3392.3,68.18,47.362,2,0
M-200367,Motor,Process-A,Day,Standard,60.547,,7.084,3749.87,205.28,,1,0
M-200368,Compressor,Process-B,Day,Standard,77.47,2.4253,7.041,1111.89,51.06,92.965,2,1
M-200369,Fan,Process-B,Evening,Standard,62.88,1.0295,5.315,5166.95,35.95,66.421,2,0
M-200370,Motor,Packaging,Evening,Standard,76.605,1.7634,,8340.23,29.27,74.722,2,0
M-200371,Compressor,Packaging,Day,Standard,63.164,1.5391,8.09,2743.93,91.13,90.574,4,0
M-200372,Compressor,Packaging,Evening,Standard,71.612,1.0243,7.488,5857.32,99.3,,5,0
M-200373,Pump,Process-A,Night,Standard,74.914,,8.263,8342.67,56.37,77.857,1,0
M-200374,Pump,Utilities,Evening,Minimal,84.315,1.3474,7.555,4014.91,30.91,109.344,0,0
M-200375,Motor,Process-A,Day,Enhanced,78.22,2.4304,5.319,2422.07,61.85,53.535,2,0
M-200376,Compressor,Packaging,Evening,Standard,61.208,2.314,3.447,5677.08,32.6,107.824,0,0
M-200377,,Packaging,Evening,Standard,71.713,1.3316,6.919,5061.77,26.7,97.77,2,0
M-200378,Motor,Process-B,Evening,Enhanced,80.378,3.1516,5.067,6723.38,39.62,,2,0
M-200379,Compressor,Packaging,Day,Minimal,67.065,,,4666.5,30.69,97.883,1,0
M-200380,Compressor,Utilities,Day,Standard,78.957,1.3533,7.839,,109.59,87.096,3,0
M-200381,Pump,Process-A,Evening,Enhanced,66.925,4.921,4.438,2747.06,192.75,44.91,3,0
M-200382,Motor,Storage,Day,Standard,73.962,1.0214,6.914,4831.19,1.73,79.778,1,0
M-200383,Pump,Process-B,Night,Standard,83.356,1.3014,5.084,3559.29,64.61,56.942,1,0
M-200384,Pump,,Evening,Standard,68.621,2.1669,7.259,8511.62,9.71,80.474,0,0
M-200385,Pump,Utilities,Day,Minimal,63.655,1.0786,6.83,8858.23,61.74,45.124,1,0
M-200386,Pump,Process-A,Night,Standard,64.958,0.9649,7.099,12528.16,62.57,63.184,1,0
M-200387,Motor,Storage,Night,Standard,59.36,3.4695,3.684,5046.63,119.88,95.886,,0
M-200388,Pump,Packaging,Day,Enhanced,70.807,2.1999,5.843,3599.54,110.56,,1,0
M-200389,Compressor,Utilities,Day,Enhanced,75.724,0.6127,7.465,2466.3,72.65,88.876,3,0
M-200390,Motor,,Night,Standard,,2.1488,,7484.97,81.77,74.143,4,1
M-200391,Compressor,Process-B,Night,,78.425,1.7458,6.494,4716.94,92.89,70.655,1,1
M-200392,Fan,Utilities,Evening,Enhanced,59.817,1.4351,5.018,,,89.498,2,0
M-200393,Compressor,Packaging,Day,Standard,74.908,1.5674,5.257,6039.57,28.54,50.832,0,0
M-200394,Fan,Process-B,Evening,Minimal,71.014,1.406,10.482,3016.92,79.87,63.95,1,0
M-200395,Pump,Process-B,Night,Standard,79.623,1.9416,7.286,1122.77,188.27,85.36,4,1
M-200396,Motor,Packaging,Evening,Minimal,87.586,1.2514,6.376,3638.39,90.09,78.373,1,0
M-200397,Pump,Process-B,Day,Standard,56.557,1.3932,4.672,1494.65,71.98,103.17,1,0
M-200398,Compressor,Utilities,Day,Enhanced,60.612,3.5845,6.227,4444.76,115.89,77.658,1,1
M-200399,Compressor,Process-B,Night,Standard,,,6.017,7176.52,53.39,75.925,0,0
M-200400,Motor,Storage,Night,Standard,66.733,3.9209,8.736,4522.66,6.53,89.277,0,0
M-200401,Fan,Process-A,Day,Standard,81.775,1.4308,7.973,6714.58,271.81,91.58,3,1
M-200402,Motor,Packaging,Evening,Minimal,69.35,3.1505,6.23,6892.46,81.31,64.305,1,0
M-200403,Compressor,Process-B,Night,Minimal,65.014,,4.893,8063.31,111.2,63.798,,0
M-200404,Compressor,Process-B,Day,Standard,59.824,0.7142,7.579,2592.9,,80.439,2,0
M-200405,Compressor,Packaging,Evening,Enhanced,68.794,0.7647,6.255,1233.49,54.39,92.416,1,0
M-200406,Motor,Utilities,Day,,72.74,1.0259,6.987,4125.36,28.72,88.371,0,0
M-200407,Motor,Utilities,Day,Standard,67.076,2.7428,6.522,3497.24,19.58,104.286,0,0
M-200408,Pump,Process-A,Evening,Enhanced,69.554,1.4685,5.566,4315.23,94.86,71.415,2,0
M-200409,Fan,Packaging,Day,Standard,75.192,2.0083,5.8,7619.61,152.81,67.711,2,0
M-200410,Motor,Process-B,Day,Enhanced,63.717,1.4862,7.942,2610.31,42.44,72.135,2,0
M-200411,Fan,Packaging,Night,Standard,77.114,1.3781,7.385,4147.9,22.46,60.05,1,0
M-200412,Motor,Packaging,Day,Minimal,73.181,,8.076,3396.29,46.02,81.917,,0
M-200413,Pump,Packaging,Day,Standard,54.591,2.8835,8.043,6418.22,66.22,82.725,0,0
M-200414,Compressor,Storage,Day,Standard,72.917,1.9086,5.686,3552.72,103.05,90.652,0,0
M-200415,Pump,Process-B,Day,Enhanced,51.296,1.2635,7.183,1756.08,99.93,44.705,1,0
M-200416,Compressor,Process-B,Day,Enhanced,55.121,2.4397,4.239,2322.52,108.22,68.489,1,0
M-200417,Pump,Process-A,Day,Standard,48.705,1.0426,7.522,5101.28,75.98,87.717,0,0
M-200418,Pump,Packaging,Evening,Standard,81.306,1.013,8.858,4837.62,207.63,74.111,4,0
M-200419,Fan,Packaging,Evening,Standard,57.835,2.1525,4.888,6539.48,61.1,42.755,1,0
M-200420,Pump,Utilities,Evening,Standard,56.804,1.3459,6.564,2084.94,330.97,73.28,2,0
M-200421,Pump,Process-B,Day,,56.123,1.1481,6.971,1400.3,41.47,52.522,0,0
M-200422,Motor,Process-B,Evening,Standard,64.374,3.3692,5.37,12824.39,76.34,88.357,2,0
M-200423,Motor,Process-A,Night,Standard,45.288,2.0657,3.967,4673.15,122.18,94.59,1,0
M-200424,Fan,Utilities,Night,Minimal,54.755,2.2553,4.163,5782.28,115.36,80.955,2,0
M-200425,Fan,Process-B,Day,Minimal,69.81,,6.551,6030.25,58.27,73.148,5,0
M-200426,Motor,,Evening,Enhanced,63.282,1.4692,6.232,7329.95,41.17,57.707,2,0
M-200427,Compressor,Process-B,Day,Enhanced,69.033,2.8765,8.005,,46.05,66.343,1,0
M-200428,Compressor,Storage,Day,Standard,78.148,1.4894,5.075,1558.66,144.39,80.059,2,1
M-200429,Pump,Process-B,Night,Standard,76.716,2.9313,7.584,,45.19,108.68,0,0
M-200430,Pump,Process-B,Evening,Standard,68.14,1.5447,4.974,5204.81,78.48,71.799,1,0
M-200431,Motor,Utilities,Evening,Standard,59.358,2.8781,9.056,1651.09,62.88,68.393,1,0
M-200432,Pump,Packaging,Day,Standard,69.146,1.4422,5.438,1648.82,45.44,51.179,2,0
M-200433,Pump,Utilities,Day,Minimal,64.705,1.011,7.096,7429.89,36.15,,1,0
M-200434,Compressor,,Evening,Standard,80.381,0.8549,7.965,5681.76,83.01,61.852,0,0
M-200435,Pump,Process-B,Day,Standard,83.486,1.0077,6.041,1832.17,326.46,51.696,1,1
M-200436,Fan,Process-B,Night,Minimal,66.751,1.0896,8.028,731.96,135.01,73.176,2,0
M-200437,Fan,Process-B,Evening,Standard,59.049,4.2415,4.312,6858.59,141.37,84.05,2,1
M-200438,Motor,Utilities,Night,Enhanced,67.941,2.7496,6.986,4225.71,162.24,73.765,,0
M-200439,Pump,Process-A,Day,Enhanced,64.951,2.1175,6.179,3307.33,,73.958,2,0
M-200440,Motor,Packaging,Evening,Standard,88.236,1.4892,7.256,5142.14,53.31,56.868,1,0
M-200441,Pump,Process-B,Day,Standard,51.574,1.9301,7.12,3434.81,74.23,108.443,1,0
M-200442,Motor,Process-A,Night,Standard,72.524,0.9992,5.479,4309.38,114.2,,0,0
M-200443,Fan,Utilities,Day,Standard,65.319,,8.362,2144.26,22.44,79.911,1,0
M-200444,Pump,Storage,Evening,Standard,60.683,2.0811,7.987,9147.28,120.39,90.806,0,0
M-200445,Fan,Packaging,Day,Enhanced,64.331,4.1419,5.097,5334.88,93.62,72.836,0,0
M-200446,Fan,Packaging,Evening,Standard,60.453,2.2479,6.099,4241.26,74.53,72.378,3,0
M-200447,Fan,Process-B,Day,Standard,71.268,3.337,,5268.13,84.57,75.486,5,0
M-200448,Fan,Utilities,Evening,Standard,72.119,1.0045,8.997,4518.26,49.8,73.818,1,0
M-200449,Fan,Process-B,Day,Standard,68.5,1.0122,4.122,848.37,182.1,51.604,0,0
M-200450,Pump,Utilities,Day,Minimal,51.971,1.3949,8.656,9261.58,,53.835,2,0
M-200451,,Process-B,Night,Standard,81.725,0.8958,7.408,5995.18,68.69,78.517,0,0
M-200452,Fan,Utilities,Evening,Enhanced,77.647,1.9218,6.16,5210.69,24.09,53.486,2,0
M-200453,Pump,Packaging,Night,Enhanced,71.759,3.0234,6.062,3798.75,16.86,52.011,2,0
M-200454,Motor,Process-A,Evening,Enhanced,68.688,2.3831,6.991,3537.47,,69.04,0,0
M-200455,Fan,Process-A,Evening,Standard,70.454,1.7362,5.423,4670.75,91.46,76.059,2,0
M-200456,Fan,Process-B,Evening,Standard,80.675,0.9539,5.623,3641.87,41.71,83.11,6,0
M-200457,Fan,Process-A,Evening,Enhanced,69.481,3.3272,5.743,5281.89,33.77,94.842,1,0
M-200458,Compressor,Packaging,Day,Standard,,0.7781,7.189,5589.73,132.2,90.521,2,0
M-200459,Pump,Process-B,Day,Minimal,63.562,2.2359,5.724,2853.28,11.1,68.082,1,0
M-200460,Motor,Packaging,,Standard,80.232,1.4363,7.003,5956.4,69.65,88.61,0,0
M-200461,Motor,Process-A,Evening,Enhanced,70.314,1.4696,6.354,3779.99,21.18,95.948,,0
M-200462,Pump,Process-A,Day,Enhanced,56.466,1.1163,8.183,6203.57,180.71,71.13,1,0
M-200463,Pump,Process-B,Day,Standard,,3.4488,2.48,10383.86,87.7,72.403,0,0
M-200464,Pump,Process-B,Evening,Standard,75.127,1.8179,7.185,3362.61,21.27,68.473,0,0
M-200465,Motor,Packaging,Day,Enhanced,53.564,2.552,6.39,3517.24,68.42,75.625,0,0
M-200466,Pump,Process-A,Day,Standard,49.199,3.4979,6.62,5996.76,60.29,91.036,2,0
M-200467,Pump,Packaging,Day,Minimal,72.228,1.082,7.904,5815.05,192.96,78.734,3,0
M-200468,Motor,Process-B,Day,Standard,74.413,0.7779,5.692,2806.25,199.48,66.86,1,1
M-200469,Compressor,Utilities,Day,Enhanced,70.524,0.7261,9.117,2922.72,85.99,75.609,2,0
M-200470,Fan,Process-A,Evening,Enhanced,51.523,2.3333,8.159,7918.31,89.98,62.662,2,1
M-200471,Compressor,Process-A,Night,Minimal,70.32,2.2225,8.207,8618.16,33.84,62.285,2,1
M-200472,Pump,Packaging,Day,Standard,90.268,1.418,5.964,2716.58,119.26,36.63,1,0
M-200473,Motor,Utilities,Night,Minimal,56.22,0.7513,8.582,10230.92,,94.215,2,0
M-200474,Compressor,Process-B,Day,Enhanced,79.681,1.4482,6.984,9862.26,40.18,68.604,3,0
M-200475,,Process-A,Day,Minimal,,,5.006,2836.46,52.39,98.829,1,0
M-200476,Motor,Process-A,Night,Standard,80.223,2.1312,7.772,8159.96,151.2,83.717,1,1
M-200477,Fan,Process-B,Day,Enhanced,74.656,1.0801,4.678,3337.19,148.35,77.12,1,0
M-200478,Pump,Process-B,Evening,Standard,71.183,1.5441,6.057,6875.29,8.26,65.082,3,0
M-200479,Motor,Storage,Night,Standard,,4.5859,7.324,4596.49,45.24,82.225,,0
M-200480,Pump,Utilities,Day,,65.225,2.3971,5.026,,19.97,61.534,1,0
M-200481,Fan,Process-B,Day,Enhanced,74.088,2.1074,5.678,7152.45,84.0,84.495,0,0
M-200482,Pump,Storage,Evening,Enhanced,62.725,1.5063,8.635,2025.72,,57.506,1,0
M-200483,Pump,,Day,Minimal,66.609,,8.22,2522.26,128.13,86.534,3,0
M-200484,Pump,Process-B,Day,Standard,78.546,,5.593,,90.2,71.858,1,0
M-200485,Motor,Process-A,Day,Standard,73.727,0.752,7.581,4554.73,220.33,59.79,1,0
M-200486,Motor,Packaging,Evening,Minimal,74.472,1.4741,,5588.7,36.23,48.7,0,0
M-200487,Motor,Utilities,Night,Enhanced,77.369,1.5818,5.412,8516.46,104.88,75.545,2,0
M-200488,Motor,Process-B,Night,Standard,61.093,1.9817,5.56,5583.86,154.91,53.741,4,0
M-200489,Fan,Process-A,Day,Enhanced,61.041,1.5268,7.43,3011.47,15.95,95.994,2,0
M-200490,Compressor,Process-B,Evening,Standard,46.606,1.9157,6.203,7151.28,19.41,66.087,3,0
M-200491,Motor,Utilities,Day,Minimal,90.236,1.121,3.955,643.27,122.32,66.327,2,0
M-200492,Compressor,Process-A,Day,Enhanced,82.712,0.8562,5.952,18000.0,20.2,104.744,1,1
M-200493,Motor,,Day,,89.594,1.3772,,8116.26,148.47,98.351,1,1
M-200494,Motor,Storage,Day,Standard,56.319,2.8311,5.334,15433.3,63.65,37.073,2,0
M-200495,Fan,Process-A,Evening,Standard,,4.1209,6.429,2798.26,27.23,56.935,1,0
M-200496,Pump,Utilities,Night,Enhanced,74.989,2.2502,6.508,6791.49,63.64,79.978,1,0
M-200497,Motor,Process-B,Day,Standard,,2.8655,6.923,,76.6,60.493,3,0
M-200498,Motor,,Evening,Standard,73.676,1.4469,8.049,5318.17,102.28,68.628,1,0
M-200499,Motor,Process-B,Evening,Enhanced,55.506,,6.321,5342.55,100.79,53.876,1,0
M-200500,Pump,Utilities,Day,Enhanced,,2.6795,4.774,2819.8,226.01,75.821,3,0
M-200501,Fan,Packaging,Day,Standard,76.013,3.2675,8.529,12060.89,69.69,90.048,0,0
M-200502,Motor,Utilities,Night,Standard,79.537,2.5586,6.343,8924.77,21.45,79.62,1,0
M-200503,Pump,Process-A,Day,Standard,63.209,1.5564,6.619,6576.09,28.53,79.736,0,0
M-200504,Pump,Storage,Day,,72.331,3.7443,6.032,13461.3,98.97,60.7,0,0
M-200505,Pump,Packaging,Day,Enhanced,67.576,2.3288,9.134,1292.95,45.41,,3,0
M-200506,Motor,Process-B,Day,Standard,80.4,1.1994,6.618,8886.59,17.75,92.88,2,0
M-200507,Compressor,Packaging,Night,Standard,43.322,1.7269,5.349,5410.85,,61.675,2,0
M-200508,Pump,Process-B,,Standard,,4.421,8.776,6637.35,33.12,63.206,2,0
M-200509,Compressor,Utilities,Night,Standard,49.454,1.6625,,2110.04,84.37,57.05,,0
M-200510,Compressor,Process-B,Evening,Minimal,60.895,2.4754,7.397,7077.69,227.38,71.677,1,0
M-200511,Compressor,Process-A,Night,Standard,56.975,1.7923,,4251.63,114.19,81.783,4,0
M-200512,Compressor,Packaging,Night,Standard,70.588,3.7711,4.863,10149.98,47.31,49.549,1,0
M-200513,Fan,Utilities,Night,Standard,69.976,1.3141,5.087,3012.19,,68.714,0,0
M-200514,Fan,Process-A,Day,,73.067,0.92,8.599,6491.55,284.2,51.962,2,0
M-200515,Compressor,Process-B,Day,Minimal,47.981,1.2582,9.731,5066.28,54.82,72.576,1,0
M-200516,Motor,,Evening,Enhanced,64.271,1.4473,5.228,4561.07,70.83,56.334,3,0
M-200517,Compressor,,Evening,Enhanced,61.448,1.7497,6.596,2811.55,44.78,84.378,1,0
M-200518,Pump,Process-A,Day,Minimal,60.457,1.4365,6.819,3818.67,93.29,88.838,2,1
M-200519,Motor,Storage,Night,Standard,,3.7254,8.242,6125.58,35.98,62.896,1,0
M-200520,Compressor,Process-A,Night,Standard,73.002,1.7451,6.539,6749.51,65.6,71.731,2,0
M-200521,Motor,Utilities,Night,Minimal,64.544,1.8044,6.154,3126.27,38.44,84.502,3,0
M-200522,Pump,Process-A,Evening,Standard,84.977,1.35,7.625,4016.14,61.13,75.826,0,0
M-200523,Pump,Process-B,Night,Standard,78.904,0.8487,5.444,6072.21,5.07,72.718,0,0
M-200524,Compressor,Utilities,Night,Standard,63.077,1.9908,7.233,1873.52,166.08,59.827,2,0
M-200525,Compressor,Storage,Day,Standard,62.631,1.4875,5.747,8470.04,201.28,49.247,2,0
M-200526,Motor,Process-A,Day,Standard,51.245,1.3645,6.981,4662.47,114.27,74.115,4,0
M-200527,Compressor,Utilities,Day,Minimal,68.52,1.6992,5.522,4414.8,,89.486,1,0
M-200528,Pump,Process-B,Evening,Standard,73.929,,8.441,8693.54,100.27,83.847,3,1
M-200529,Motor,Process-A,Evening,Standard,72.627,2.1585,7.787,3747.91,20.56,69.427,0,0
M-200530,Motor,Process-B,Day,Minimal,94.168,1.8325,5.806,7362.39,122.87,35.399,1,0
M-200531,Fan,,Day,Standard,59.894,3.3132,8.502,5539.77,69.41,71.783,2,1
M-200532,Pump,Process-B,Day,Standard,,3.6265,7.831,2542.21,,,5,1
M-200533,Pump,Packaging,Evening,Enhanced,78.45,2.1136,7.781,9634.93,84.73,85.639,2,1
M-200534,Compressor,,Evening,Enhanced,67.859,1.3024,7.374,5562.65,107.75,62.093,3,0
M-200535,Pump,Process-A,Day,Standard,72.065,2.6929,6.482,9591.42,231.71,78.896,1,0
M-200536,Compressor,Process-A,Day,Standard,64.962,1.4776,,1361.45,,79.707,1,0
M-200537,,Utilities,Evening,Enhanced,84.86,2.3674,3.753,3229.93,71.73,80.758,1,0
M-200538,Motor,Process-A,Night,Minimal,62.109,0.8508,7.005,4419.89,126.98,86.177,3,0
M-200539,Fan,Process-B,Day,Standard,66.59,1.797,8.744,2578.18,48.25,60.013,1,0
M-200540,Motor,Packaging,Day,Enhanced,78.878,1.7688,4.384,7545.02,201.8,72.72,0,0
M-200541,Motor,Storage,Day,Minimal,68.361,1.5581,5.147,6478.79,33.73,69.2,2,0
M-200542,Compressor,Process-B,Night,Standard,66.239,1.1565,5.914,7783.0,137.3,101.521,4,1
M-200543,Pump,Process-B,Night,Standard,79.801,1.9364,4.842,5776.1,35.53,86.416,2,1
M-200544,Motor,Process-A,Evening,,82.081,1.7026,,9196.59,,59.77,3,1
M-200545,Motor,Packaging,Day,Enhanced,62.515,1.414,5.284,4944.18,56.71,101.56,3,0
M-200546,Fan,Process-A,Night,Minimal,81.073,0.7309,8.802,,127.0,63.979,2,1
M-200547,Pump,Process-B,Day,Standard,64.46,,7.113,7482.22,64.36,63.189,0,0
M-200548,Motor,Process-B,Evening,Standard,69.334,2.3395,9.291,6193.21,60.16,,4,0
M-200549,Motor,Packaging,Day,Standard,76.089,2.8714,4.842,1502.7,92.58,50.558,2,0
M-200550,Motor,Storage,Night,Standard,70.37,0.9883,8.021,1802.75,62.78,71.07,4,0
M-200551,Pump,Process-A,Evening,Standard,94.536,1.2338,8.775,3581.23,47.68,80.555,2,0
M-200552,Fan,Utilities,Day,Standard,60.158,2.9627,4.621,2255.01,,76.486,2,1
M-200553,Motor,Utilities,Day,Standard,90.496,1.2735,7.497,5435.03,,78.017,3,0
M-200554,Pump,Process-A,Night,Standard,51.916,1.6391,5.667,7531.47,229.5,48.586,4,0
M-200555,Motor,Packaging,Day,Standard,,2.8039,8.071,1396.34,223.95,84.947,2,1
M-200556,Motor,Storage,Night,Standard,61.375,2.1503,7.33,5023.08,38.67,71.413,1,0
M-200557,Motor,Utilities,Day,Standard,65.891,1.7206,5.95,6677.42,79.62,72.275,1,0
M-200558,Pump,Packaging,Day,Minimal,86.765,1.5696,6.969,3158.89,120.02,76.206,4,0
M-200559,Motor,Utilities,Night,,61.276,1.4829,8.427,8331.5,56.75,94.661,2,0
M-200560,Motor,Packaging,Day,Standard,74.498,1.7311,8.369,4299.43,136.47,72.465,2,0
M-200561,Compressor,Process-A,Evening,Enhanced,64.495,1.3184,4.638,4600.92,76.48,77.254,0,0
M-200562,Pump,Storage,Day,Standard,67.721,1.6275,3.427,5224.36,,41.21,2,0
M-200563,Compressor,Utilities,Night,Enhanced,62.154,5.0616,6.219,9189.43,63.67,106.451,2,0
M-200564,Motor,Packaging,Evening,Standard,62.624,1.2546,6.63,7399.69,74.69,91.781,0,0
M-200565,,Utilities,Night,Standard,58.317,1.4191,5.579,3081.75,13.25,73.601,2,0
M-200566,Pump,Packaging,Evening,Standard,58.11,2.5714,7.497,2684.02,73.49,74.947,1,0
M-200567,Pump,Process-A,Day,Enhanced,77.134,2.0373,5.286,5383.86,130.96,85.702,5,1
M-200568,Compressor,Utilities,Day,Standard,67.121,1.4058,7.008,478.77,32.97,68.881,2,0
M-200569,Motor,Process-A,Day,,75.413,2.1844,8.399,3562.53,19.91,90.967,2,0
M-200570,Pump,Process-B,Night,Enhanced,67.12,1.1794,6.212,9022.86,53.0,62.889,0,0
M-200571,Motor,Utilities,Evening,Standard,66.007,2.746,4.918,13388.43,69.66,86.526,1,0
M-200572,Pump,Process-A,Day,Standard,58.482,1.6005,7.039,1462.69,61.81,72.115,1,0
M-200573,Pump,Packaging,,Standard,67.502,1.3164,6.84,4601.11,233.33,88.027,1,0
M-200574,Motor,Packaging,Night,Standard,67.402,2.7529,5.398,10211.77,85.56,67.794,1,0
M-200575,Motor,Process-B,Day,Enhanced,74.184,1.4584,8.244,7448.85,77.62,67.453,1,0
M-200576,Fan,,Day,Standard,68.528,1.4436,8.823,4181.82,82.41,75.891,2,0
M-200577,Motor,Process-B,Night,Standard,74.547,1.2229,8.986,6306.25,88.03,38.223,2,0
M-200578,Motor,Storage,Night,Standard,62.251,,6.537,4930.03,50.36,71.1,1,0
M-200579,Compressor,Packaging,Night,Enhanced,,3.1643,7.324,4159.61,194.18,89.156,1,0
M-200580,Pump,Packaging,Day,Standard,62.277,1.9757,8.091,5794.7,140.03,71.675,1,0
M-200581,Fan,Process-B,Day,Standard,91.776,1.1452,6.154,1807.04,68.28,,0,0
M-200582,Pump,Process-B,,Minimal,56.938,,4.617,2192.4,55.86,88.84,3,1
M-200583,Fan,Utilities,Day,Minimal,,1.686,6.223,4107.98,61.56,50.562,0,0
M-200584,Motor,Utilities,Night,Enhanced,56.703,4.3637,6.06,4893.33,226.86,,2,0
M-200585,Fan,Process-B,Day,Standard,60.875,,9.885,972.34,123.95,87.687,1,0
M-200586,Pump,Process-A,Day,Standard,81.282,3.2498,6.703,4629.21,23.62,64.472,1,0
M-200587,Pump,Packaging,Evening,Standard,76.978,3.927,8.55,2224.0,23.19,84.529,3,1
M-200588,Motor,Process-B,Night,Standard,56.037,,,11406.44,224.43,65.688,2,0
M-200589,Compressor,Utilities,Day,Standard,66.896,1.8181,4.962,3040.47,25.63,75.809,,0
M-200590,Motor,,Day,Standard,62.423,2.9259,4.187,7516.2,34.34,,2,0
M-200591,Fan,Packaging,Day,Standard,75.845,1.3387,8.405,6865.43,45.11,82.781,2,0
M-200592,Compressor,Process-B,Day,Standard,55.38,0.8426,5.877,15446.06,102.85,82.653,0,0
M-200593,Pump,Process-A,,Minimal,62.714,1.0656,3.61,5434.37,50.76,85.575,1,0
M-200594,Pump,Process-B,Day,Standard,65.764,2.2485,6.046,7020.51,29.49,74.613,0,0
M-200595,Motor,Packaging,Day,Standard,66.07,0.6069,4.384,2526.44,7.06,59.628,2,0
M-200596,Pump,Utilities,Day,Minimal,79.013,1.3001,7.269,5538.35,82.55,69.223,2,0
M-200597,Motor,,Night,Standard,75.165,2.2457,4.669,2254.48,214.64,71.044,3,1
M-200598,Pump,Process-B,Day,Standard,54.376,1.0824,6.766,5324.78,44.4,81.548,4,0
M-200599,Compressor,Process-A,Evening,Standard,71.055,2.5996,7.245,6488.31,68.03,51.797,3,0
M-200600,Motor,Process-B,Day,Standard,77.082,1.8219,8.953,6652.43,67.58,52.066,1,1
M-200601,Compressor,Process-B,Night,,91.874,0.9737,6.514,2124.86,126.59,59.781,2,1
M-200602,Fan,Packaging,Evening,Standard,72.402,2.5576,7.476,2952.61,98.48,82.171,2,0
M-200603,Pump,Packaging,Night,Enhanced,83.697,1.581,5.973,5119.1,189.56,73.936,0,0
M-200604,Fan,Utilities,Day,Standard,51.347,1.1404,7.01,2327.01,77.73,70.343,4,0
M-200605,Pump,Process-B,Day,,78.768,1.3646,6.484,5551.1,,72.483,2,0
M-200606,Compressor,Storage,Day,Standard,63.41,2.6222,9.257,2811.97,70.73,65.17,,0
M-200607,Fan,Packaging,Day,Standard,68.125,2.3089,8.498,3621.49,138.57,79.389,2,0
M-200608,Pump,Process-A,Night,Standard,64.178,2.4904,,1875.52,246.11,85.919,2,1
M-200609,Compressor,Process-B,,Minimal,67.58,3.1864,6.18,1847.99,128.13,95.308,1,0
M-200610,Compressor,Process-B,Night,Standard,60.04,1.8744,6.49,6663.09,16.76,83.59,0,0
M-200611,Motor,Process-A,Evening,Standard,59.613,1.7806,8.661,7006.31,154.74,64.088,2,0
M-200612,Fan,Process-A,Evening,Minimal,65.4,1.5755,,4157.05,130.5,86.667,0,0
M-200613,Fan,Process-A,Day,Enhanced,73.94,2.0222,7.428,3668.29,54.81,62.062,0,0
M-200614,Motor,Process-B,Night,Standard,63.187,1.966,8.458,3662.32,131.06,92.285,3,0
M-200615,Motor,Packaging,Day,Standard,59.05,3.0233,5.988,3778.36,51.17,57.385,1,0
M-200616,,Utilities,Evening,Enhanced,83.629,3.7721,6.823,3005.47,81.79,,,0
M-200617,Fan,Process-A,Day,Standard,,,4.948,5568.14,7.89,85.394,2,0
M-200618,Fan,Process-A,Evening,Standard,56.718,2.2256,7.661,4953.38,33.62,102.148,2,0
M-200619,Pump,Process-B,Evening,Standard,65.396,1.0202,5.182,7639.81,,53.998,1,0
M-200620,Pump,Process-A,Day,Standard,85.525,0.848,5.149,2577.78,87.58,59.72,1,1
M-200621,Motor,Packaging,Day,Minimal,63.739,2.2179,6.872,6361.35,76.48,70.429,0,0
M-200622,Motor,Packaging,,Standard,74.167,3.2938,5.834,1917.89,307.93,46.414,0,1
M-200623,Pump,Packaging,Day,Standard,70.535,2.1936,6.61,4398.15,162.21,77.392,2,0
M-200624,Motor,Packaging,Day,Standard,64.849,2.0565,5.617,3541.9,,103.494,2,0
M-200625,,Packaging,Evening,Standard,58.625,1.0323,6.53,530.0,135.99,71.479,4,0
M-200626,Fan,Utilities,Evening,Standard,61.32,1.4234,2.846,9907.85,182.28,64.388,2,0
M-200627,Pump,Packaging,Night,Minimal,85.266,2.8768,5.862,5705.0,38.21,,0,0
M-200628,Motor,Utilities,Day,Standard,56.96,1.7339,,8768.1,36.67,72.187,1,0
M-200629,Compressor,Packaging,Day,Standard,66.934,3.0238,7.638,16446.13,141.44,67.485,2,1
M-200630,Fan,Process-A,Night,Standard,62.579,1.2828,6.384,3107.74,63.64,,0,0
M-200631,Pump,Process-A,Day,Standard,64.214,0.9177,4.972,6792.42,49.11,67.108,0,0
M-200632,Motor,Packaging,Night,Minimal,68.133,1.6646,3.986,3423.77,,,1,1
M-200633,Compressor,Packaging,Evening,Standard,68.479,1.0296,6.241,4903.07,85.09,86.187,2,1
M-200634,Compressor,Process-A,Evening,,68.139,3.6291,8.221,1629.47,30.83,45.524,1,0
M-200635,Motor,Storage,Night,Standard,66.692,1.6622,7.677,5964.17,27.91,70.047,1,0
M-200636,Pump,Utilities,,Enhanced,80.233,1.0447,7.335,6459.8,79.77,42.799,1,0
M-200637,Pump,Process-A,Night,Standard,47.714,1.3006,7.655,1385.86,37.65,64.64,1,0
M-200638,Motor,Storage,Evening,Enhanced,61.342,1.6398,5.544,7107.57,136.72,76.792,1,0
M-200639,Compressor,Storage,Evening,Standard,57.539,1.7469,4.388,2795.62,138.81,82.262,2,0
M-200640,Compressor,Packaging,Night,Enhanced,65.235,3.4803,7.87,4685.01,141.37,77.374,2,0
M-200641,Fan,Process-B,Evening,Standard,64.72,1.3746,7.456,3994.93,102.33,,0,0
M-200642,Pump,Packaging,Day,Standard,51.796,,6.76,1694.1,35.09,57.683,2,0
M-200643,Pump,Process-B,Day,Standard,54.19,1.6909,4.527,2985.43,28.55,79.387,1,0
M-200644,Motor,Process-A,Evening,Standard,77.525,3.3297,8.032,5521.78,27.81,89.777,2,0
M-200645,Motor,Packaging,Day,Standard,83.829,2.3241,4.682,6763.92,28.54,75.249,0,0
M-200646,Fan,Process-B,Night,Enhanced,81.644,1.5241,1.5,9766.58,118.17,76.597,2,0
M-200647,Motor,Process-B,Day,Minimal,73.083,1.097,7.688,6996.8,43.75,,0,0
M-200648,Pump,,Day,Enhanced,79.538,1.5865,5.311,6874.69,109.26,54.579,0,0
M-200649,Pump,Process-B,Evening,,70.296,1.3131,5.206,1967.27,57.64,93.359,0,0
M-200650,Pump,Packaging,Day,Standard,66.485,1.0849,3.97,8038.21,,94.237,7,0
M-200651,Fan,Process-B,Day,,80.841,,7.725,11540.93,195.08,66.082,2,0
M-200652,Motor,Process-B,Evening,Standard,63.718,,4.28,3312.75,86.19,59.54,0,0
M-200653,,Process-A,Evening,Standard,77.644,1.5084,6.882,2559.16,,60.871,,1
M-200654,Fan,Process-B,Day,Standard,70.841,3.646,8.728,,187.94,88.643,2,1
M-200655,Compressor,Process-A,Day,Standard,72.423,2.1508,4.102,3441.1,32.26,53.447,1,1
M-200656,Compressor,Utilities,Evening,Enhanced,53.568,3.6578,6.01,5191.5,64.31,54.255,2,0
M-200657,Pump,Utilities,Day,Standard,65.143,1.5022,,5527.45,27.63,,0,0
M-200658,Motor,Process-B,Day,Standard,76.945,,9.943,3290.36,121.22,75.925,3,0
M-200659,Compressor,Process-A,Night,Enhanced,89.651,2.4627,7.092,2142.48,31.82,50.007,0,0
M-200660,Compressor,Process-A,Night,Standard,71.295,2.0811,,2763.56,39.53,86.808,0,0
M-200661,Compressor,Utilities,Day,Standard,62.205,1.9624,5.382,8824.06,,76.789,3,0
M-200662,Compressor,Process-A,Evening,Standard,59.196,1.6588,5.323,5179.99,58.43,78.791,2,0
M-200663,Pump,Process-B,Day,Standard,79.472,2.542,6.778,11335.64,44.72,65.435,,0
M-200664,Pump,Utilities,Evening,Standard,61.981,0.7948,4.45,5546.09,77.38,70.553,1,0
M-200665,Fan,Process-B,Day,Standard,51.373,1.5962,6.178,1717.63,88.24,,1,0
M-200666,Motor,,Day,Enhanced,81.51,2.4959,5.394,,17.98,51.994,4,0
M-200667,Fan,Process-A,Day,Standard,66.301,1.4801,8.616,1595.33,143.56,83.195,2,0
M-200668,Fan,Process-B,Day,Standard,,3.2275,2.741,5066.33,38.4,80.251,0,0
M-200669,Pump,Process-B,Evening,Standard,58.282,1.5534,6.242,2305.33,40.66,84.503,0,0
M-200670,Motor,Process-A,Evening,Minimal,54.969,1.5796,5.035,3026.86,86.03,98.441,0,0
M-200671,Motor,,Day,Standard,69.886,1.361,6.362,6537.94,18.38,57.961,0,0
M-200672,Fan,Process-A,,Standard,57.138,2.905,3.709,10716.81,26.89,58.164,2,0
M-200673,,Utilities,Day,,66.645,1.3036,9.227,9276.01,116.93,55.269,2,0
M-200674,Motor,Process-B,Day,Minimal,55.385,2.2046,3.772,2200.31,34.29,58.953,0,0
M-200675,Compressor,Process-A,Day,Standard,81.047,1.0753,4.89,4285.6,61.36,74.141,1,0
M-200676,Motor,Utilities,Evening,Standard,70.765,1.6641,8.245,,93.87,54.447,2,0
M-200677,Motor,Process-B,Night,Standard,81.783,1.7088,5.128,2104.51,45.25,43.04,1,1
M-200678,Motor,Process-A,Night,Standard,60.339,5.4313,5.087,7282.48,36.2,61.505,1,1
M-200679,Pump,Storage,Evening,Minimal,79.421,2.3422,9.028,6416.52,119.99,66.342,0,1
M-200680,Motor,Process-A,Day,Enhanced,58.593,1.1129,5.545,2606.55,,58.003,0,0
M-200681,Fan,,Night,Minimal,86.669,,6.985,3274.36,,83.406,2,0
M-200682,Motor,Process-A,Evening,Standard,72.623,1.037,7.368,6661.18,158.27,,1,0
M-200683,Motor,Storage,Evening,Standard,78.752,1.2063,8.081,6964.16,230.34,72.145,0,0
M-200684,Fan,Process-B,Evening,Standard,51.399,1.1046,7.704,3225.37,60.3,64.346,0,0
M-200685,Pump,Utilities,Night,Enhanced,69.145,2.069,5.587,4792.88,108.91,95.13,0,0
M-200686,Pump,Packaging,Day,Standard,59.031,1.1157,6.622,6231.68,88.25,71.422,3,0
M-200687,Compressor,Utilities,Day,Standard,70.783,1.7298,6.604,3236.82,59.44,76.207,1,0
M-200688,Motor,Process-B,Evening,Enhanced,55.528,0.8988,7.232,,65.07,59.761,2,0
M-200689,Pump,Process-A,Day,Standard,79.431,1.9823,7.63,6385.84,,68.959,2,0
M-200690,Compressor,Storage,Day,Standard,,1.0174,5.911,4457.86,38.66,99.756,1,0
M-200691,Fan,Utilities,Evening,Minimal,61.311,1.8287,5.341,2125.47,,60.791,1,0
M-200692,Pump,Process-B,Night,Enhanced,73.957,1.2447,5.891,4585.21,56.28,85.952,3,0
M-200693,Fan,Packaging,Night,Standard,65.594,,6.567,3356.91,27.13,41.572,1,0
M-200694,Pump,Process-A,Evening,Standard,75.564,1.3421,6.224,7598.06,212.84,81.518,0,0
M-200695,Pump,Packaging,Day,Standard,66.901,3.0757,7.063,9675.53,296.81,78.305,2,1
M-200696,Fan,Utilities,Night,Standard,67.59,1.7342,5.386,4715.09,100.82,65.17,2,0
M-200697,Fan,Process-A,Day,Enhanced,66.946,1.9825,8.112,,58.48,80.431,0,0
M-200698,Pump,Utilities,Night,Standard,,,6.189,2629.15,,54.466,2,0
M-200699,Pump,Process-B,Evening,Standard,80.46,1.7666,8.885,4042.91,,58.971,0,0
M-200700,Pump,Packaging,Day,Standard,62.592,3.3678,6.389,6707.39,68.08,96.296,0,0
M-200701,Pump,Packaging,Evening,Standard,60.926,0.9593,4.482,4715.12,,90.028,2,0
M-200702,Pump,Packaging,Night,Standard,57.255,0.8658,5.875,4444.57,42.76,68.442,1,0
M-200703,Motor,Storage,Evening,Standard,51.719,0.8941,7.443,5707.45,31.36,80.019,3,0
M-200704,Compressor,Utilities,Day,Standard,71.052,2.536,,8514.39,16.03,83.252,2,0
M-200705,Compressor,Process-A,Day,Standard,57.547,2.4074,4.449,1623.45,261.69,48.363,3,1
M-200706,Fan,Process-A,Day,Standard,79.502,0.9793,7.697,14648.21,66.54,57.582,2,1
M-200707,Fan,Process-B,Evening,Minimal,62.417,1.9379,7.142,5702.7,54.64,72.013,3,1
M-200708,Motor,Process-A,Night,Standard,55.15,0.5839,6.812,4911.79,,70.493,2,0
M-200709,Motor,Packaging,Day,Enhanced,67.565,1.3865,4.185,2707.19,87.92,57.048,0,0
M-200710,Motor,Process-A,Evening,Standard,53.04,2.1237,7.919,4579.19,31.89,63.053,1,0
M-200711,Compressor,Process-A,Day,Standard,77.905,1.4632,8.078,,238.02,88.062,2,1
M-200712,Compressor,Packaging,Evening,Enhanced,65.726,2.7046,7.352,10742.34,133.67,63.781,0,0
M-200713,Pump,Utilities,Evening,Enhanced,57.326,1.1164,7.691,4118.94,41.61,84.929,0,0
M-200714,,,Evening,Enhanced,68.487,0.6578,6.269,6341.39,65.75,89.666,1,0
M-200715,Compressor,Process-B,Day,Enhanced,79.948,2.8275,6.858,12324.8,111.58,92.046,2,1
M-200716,Motor,Process-B,Day,Standard,64.961,2.7843,6.035,,12.71,31.918,3,0
M-200717,Motor,Process-A,Night,Standard,64.914,2.4288,3.804,4360.08,62.6,78.317,0,0
M-200718,Motor,Packaging,Day,Standard,76.797,1.7822,4.539,4145.42,116.69,67.932,3,0
M-200719,Motor,Utilities,Evening,Standard,75.066,1.4701,3.715,1734.85,9.06,76.01,2,0
M-200720,Motor,Packaging,Day,Minimal,67.065,1.8226,4.86,6632.7,18.74,96.304,1,0
M-200721,Motor,Process-B,Night,Standard,47.097,1.2806,8.146,,71.32,65.996,2,0
M-200722,Pump,Utilities,Evening,Minimal,52.342,2.5215,6.599,2497.98,159.07,49.814,2,0
M-200723,Motor,Storage,Day,Enhanced,71.119,2.8498,9.081,3677.93,31.3,89.525,1,0
M-200724,Compressor,Process-A,,Standard,65.58,0.5572,6.767,842.09,87.06,73.33,1,0
M-200725,Compressor,Process-A,Night,Standard,66.762,1.282,7.523,4763.64,188.7,74.32,2,1
M-200726,Pump,Process-B,Night,Standard,75.33,1.4063,6.491,4928.04,73.48,62.872,7,0
M-200727,Compressor,Process-B,Evening,Minimal,62.324,1.2699,5.955,2756.54,137.34,,3,0
M-200728,Motor,Process-A,Day,Standard,80.994,1.9889,,2533.72,37.31,80.054,0,0
M-200729,Motor,Packaging,Day,Standard,72.406,1.6627,6.042,,76.88,38.119,1,0
M-200730,Compressor,Process-A,Night,Enhanced,71.93,0.9989,5.969,1288.09,64.92,80.241,5,0
M-200731,Compressor,Utilities,Day,Standard,62.097,,8.896,3496.75,74.39,54.754,4,0
M-200732,Motor,Packaging,Evening,Standard,68.074,2.0094,7.989,5207.57,66.92,42.376,0,0
M-200733,Motor,Process-B,Day,Enhanced,77.141,2.1097,6.846,11177.48,73.31,,3,0
M-200734,Motor,Storage,Day,Standard,85.237,2.2994,5.636,3473.13,112.01,94.382,2,1
M-200735,Motor,Storage,Day,Standard,77.744,3.2678,7.328,11603.93,235.02,77.402,0,1
M-200736,Fan,Process-B,Night,Standard,63.272,2.2234,7.319,9013.06,,81.315,1,0
M-200737,Pump,Packaging,Evening,Standard,73.011,2.6408,7.155,6087.34,227.93,59.595,0,0
M-200738,Pump,Process-B,Day,Standard,,,8.383,2651.94,46.64,82.759,4,1
M-200739,Compressor,Process-A,Night,Minimal,68.018,2.4439,4.561,1281.08,126.23,82.438,2,1
M-200740,Fan,Packaging,Night,Standard,72.688,2.0306,4.882,3252.21,26.0,95.029,2,0
M-200741,Pump,Packaging,Evening,Enhanced,70.726,2.9949,8.024,1538.84,210.24,58.509,2,0
M-200742,Compressor,Utilities,Day,Enhanced,85.908,3.7492,6.359,5907.35,36.9,86.601,4,0
M-200743,Motor,Utilities,Night,Enhanced,66.993,1.3026,7.609,8741.25,114.85,77.422,3,0
M-200744,Compressor,Process-A,Evening,Standard,71.295,3.5705,6.682,4688.86,41.96,79.359,4,0
M-200745,Fan,Process-A,Day,Standard,77.208,2.3976,3.403,6948.52,31.79,70.131,2,0
M-200746,Pump,Storage,Day,Standard,81.833,1.7014,8.549,7364.77,9.0,79.976,0,0
M-200747,Fan,Utilities,Evening,Standard,53.271,1.176,,1523.92,95.32,64.353,4,0
M-200748,Compressor,Process-A,Day,Standard,80.044,1.5083,8.349,2806.65,51.79,62.869,1,0
M-200749,Pump,Utilities,Night,Standard,47.137,1.2029,7.917,6344.46,,82.996,3,0
M-200750,Motor,Utilities,Night,Standard,62.072,0.786,6.425,6549.09,112.52,57.545,0,0
M-200751,Pump,,Evening,Enhanced,69.682,2.2803,6.025,5401.07,100.44,70.467,3,1
M-200752,Compressor,Process-A,Day,,80.511,1.3313,5.985,8039.69,119.61,65.155,2,0
M-200753,Motor,Utilities,Day,Standard,69.711,2.1447,7.705,4366.13,74.85,59.29,0,0
M-200754,Motor,Packaging,Evening,Standard,50.053,2.0823,5.932,3161.44,6.56,78.429,0,0
M-200755,Motor,Process-A,Night,Enhanced,63.192,1.0913,4.292,10695.9,136.12,69.807,4,0
M-200756,Pump,Packaging,Evening,Standard,54.561,2.4989,7.435,7398.35,55.49,56.826,1,0
M-200757,Compressor,Packaging,Day,Minimal,61.753,1.2241,4.562,5213.3,72.56,76.641,2,0
M-200758,Motor,,Night,Standard,80.736,1.2595,8.183,5365.55,182.73,82.023,2,0
M-200759,Motor,Packaging,Evening,Standard,62.484,1.8237,7.777,,129.7,77.074,1,0
M-200760,Compressor,Packaging,Evening,Enhanced,66.662,1.3685,3.751,5927.53,149.11,81.705,2,0
M-200761,Pump,Packaging,Day,Standard,73.941,1.5331,3.566,1575.62,28.3,67.745,1,0
M-200762,Compressor,Packaging,Day,Minimal,57.599,2.4034,8.967,7300.84,98.1,68.085,1,0
M-200763,Compressor,Storage,Day,,83.441,,8.516,4738.36,108.07,83.464,3,0
M-200764,Compressor,Process-B,Day,Standard,44.222,1.1855,6.563,12143.52,114.08,60.859,2,0
M-200765,Pump,Process-B,Night,Standard,70.7,0.9929,6.772,2973.2,25.74,63.694,2,0
M-200766,Pump,Packaging,Night,Enhanced,52.31,1.6583,5.638,8315.55,87.75,108.807,1,0
M-200767,Pump,Process-B,Evening,Minimal,69.124,1.8191,7.169,2383.27,28.55,53.312,1,0
M-200768,Motor,Utilities,Day,Standard,44.794,1.706,6.966,5509.01,210.0,92.214,0,0
M-200769,Motor,Utilities,Day,Minimal,72.269,1.4872,9.201,6370.12,,63.368,0,0
M-200770,Compressor,Storage,Evening,Standard,70.242,1.7133,3.265,2424.7,39.38,75.682,1,0
M-200771,Motor,Storage,Night,Standard,79.306,1.4044,5.293,3623.05,45.25,74.578,2,0
M-200772,Fan,Utilities,Night,Enhanced,84.268,1.1167,4.809,10381.94,74.81,,4,0
M-200773,Pump,Packaging,Night,Standard,72.92,1.7612,3.168,3979.89,118.54,74.969,0,0
M-200774,Compressor,Process-B,,Minimal,54.604,2.1946,4.882,,8.98,70.773,0,0
M-200775,Compressor,Utilities,Night,Standard,,2.1575,5.18,1813.02,60.72,81.202,4,0
M-200776,Pump,Process-A,Night,Enhanced,,1.2974,2.923,,45.16,96.214,1,0
M-200777,Pump,Process-B,Evening,Minimal,94.295,2.1089,5.785,2252.82,60.28,58.836,2,0
M-200778,Compressor,Process-B,Night,Standard,69.539,1.1928,7.049,4417.05,260.59,64.82,2,1
M-200779,,Process-B,Evening,Minimal,71.608,5.0088,6.389,9912.92,40.32,84.832,0,1
M-200780,Compressor,Process-A,Evening,Enhanced,55.032,4.9426,,5373.5,72.04,84.419,4,1
M-200781,Fan,Process-B,Night,Standard,69.68,1.6161,7.59,11544.92,83.3,76.673,0,0
M-200782,Fan,Utilities,Night,Enhanced,65.611,0.9068,8.547,4428.39,23.64,79.325,2,0
M-200783,,Process-B,Night,Standard,73.404,0.4671,7.626,12032.56,14.65,48.787,1,0
M-200784,Fan,Packaging,Day,Minimal,59.812,2.2836,6.266,5753.48,121.98,72.302,3,0
M-200785,Pump,Process-B,Day,Enhanced,71.938,4.1623,6.535,3437.8,115.58,71.22,2,0
M-200786,Pump,Storage,,Standard,54.226,1.6064,6.563,5081.51,87.61,51.184,2,0
M-200787,Compressor,Utilities,Evening,Standard,74.297,2.3138,7.719,7491.46,73.84,47.561,2,0
M-200788,Motor,Process-A,Night,Standard,58.832,,8.131,5691.76,31.46,59.044,2,0
M-200789,Motor,Packaging,Day,Standard,62.411,3.7541,6.964,2612.66,75.8,73.022,1,0
M-200790,Pump,Process-B,Evening,Standard,45.534,1.0931,5.222,3504.33,,60.28,2,0
M-200791,Motor,Process-A,Day,Standard,50.812,1.0816,7.824,2663.63,66.2,86.852,2,0
M-200792,Compressor,Utilities,Evening,Standard,78.43,0.6044,6.014,1020.49,52.45,51.012,1,0
M-200793,Motor,Process-A,Evening,Standard,74.713,1.5939,5.071,2353.72,100.24,90.654,1,0
M-200794,Pump,Process-B,Day,,58.166,1.0668,5.194,2986.51,181.19,53.472,0,0
M-200795,Pump,,Evening,Standard,75.373,1.8461,7.34,11133.77,47.83,60.67,1,0
M-200796,Pump,Packaging,Evening,Minimal,43.269,1.5353,6.737,10174.83,45.59,60.246,1,0
M-200797,Fan,Utilities,Evening,Enhanced,77.002,2.2816,7.282,2679.62,52.81,71.41,2,0
M-200798,Motor,Process-A,Evening,Standard,57.43,1.0522,6.55,5161.51,35.69,90.166,3,0
M-200799,Motor,Packaging,Night,Standard,55.362,1.7484,,3573.45,95.61,57.131,2,0
M-200800,Compressor,Process-A,Day,Standard,55.757,1.202,7.731,8547.24,121.29,80.41,1,0
M-200801,Fan,Utilities,Day,Enhanced,62.428,2.3495,,3859.72,95.51,85.25,3,0
M-200802,Pump,Process-A,Day,Enhanced,54.384,,6.823,4496.09,121.51,71.687,2,0
M-200803,Pump,Utilities,Evening,,51.818,4.5882,6.671,6649.35,62.01,82.235,2,0
M-200804,Fan,Packaging,Night,Minimal,66.314,2.4138,5.581,4963.81,120.19,102.186,1,0
M-200805,Motor,Packaging,Night,Standard,65.818,1.1689,7.275,3202.75,83.16,67.68,2,1
M-200806,Pump,Process-B,Night,Standard,55.128,1.4627,4.813,8049.86,69.0,79.615,1,0
M-200807,Fan,Process-A,Day,Enhanced,77.802,3.3906,8.35,11605.94,143.22,88.871,2,0
M-200808,Pump,Process-B,Evening,Minimal,77.53,1.7288,6.699,3746.78,108.17,86.155,2,0
M-200809,Motor,Packaging,Day,Standard,67.485,1.7187,7.325,4869.4,27.72,63.424,0,0
M-200810,Pump,Process-B,Day,Enhanced,67.471,1.6184,6.218,9290.36,80.51,86.7,1,0
M-200811,Motor,Process-B,Day,Standard,90.414,2.9311,6.416,,153.69,64.049,4,1
M-200812,,Process-B,Day,Minimal,67.652,2.5003,7.0,3980.01,87.34,58.792,0,0
M-200813,Fan,Process-A,Night,Standard,79.989,2.2349,5.149,6316.26,85.73,68.361,2,0
M-200814,Motor,Process-A,Day,Minimal,75.232,0.9654,9.382,1491.61,42.54,67.058,2,0
M-200815,Pump,Storage,Evening,Minimal,65.346,0.8137,8.687,5299.24,158.55,78.948,1,0
M-200816,Fan,Utilities,Evening,Standard,77.965,1.3331,5.671,7880.79,152.61,100.435,1,1
M-200817,Motor,Process-B,Day,Minimal,54.637,2.37,5.874,9479.66,124.39,65.293,4,0
M-200818,Motor,Packaging,Evening,Enhanced,62.574,0.5888,8.943,7826.51,96.76,53.933,1,0
M-200819,Pump,Process-A,Day,Enhanced,77.372,1.6003,6.322,2155.27,31.38,76.038,2,0
M-200820,Motor,Process-A,Day,Minimal,78.144,,6.773,8507.48,173.21,57.486,3,0
M-200821,Fan,Utilities,Day,Minimal,82.408,0.7054,5.879,4675.48,111.81,59.17,2,0
M-200822,Motor,Process-B,Night,Enhanced,70.852,1.9864,7.329,5774.18,186.01,82.92,4,1
M-200823,Motor,Utilities,Evening,Standard,90.841,2.4638,8.39,1144.42,,69.568,2,1
M-200824,Pump,Process-B,Night,Standard,84.461,,4.778,6085.18,77.46,87.776,1,1
M-200825,Motor,Utilities,Day,Enhanced,68.609,2.2393,7.282,9102.47,160.48,38.719,3,0
M-200826,Compressor,Utilities,Day,Standard,81.301,1.0769,,7788.6,39.31,59.657,1,0
M-200827,Pump,Process-B,Evening,Minimal,71.4,2.065,7.544,12503.73,75.59,85.731,1,0
M-200828,Pump,Process-A,Evening,Minimal,67.17,2.1571,10.387,1505.24,103.22,61.997,1,0
M-200829,Compressor,Packaging,Day,Standard,51.523,3.0065,8.206,612.63,110.53,49.531,0,0
M-200830,Fan,Utilities,Evening,Standard,67.924,0.9204,,4584.53,95.75,69.428,1,0
M-200831,Fan,Process-A,Night,Standard,65.981,2.0359,6.303,9498.62,,49.01,2,0
M-200832,Motor,Utilities,Evening,Standard,39.746,1.5051,6.799,2691.03,94.63,62.55,2,0
M-200833,Compressor,Process-B,Day,Standard,61.478,1.406,2.444,7586.84,83.39,63.394,4,0
M-200834,Pump,Process-B,Day,Standard,68.732,,4.528,5327.35,62.68,40.12,0,0
M-200835,Motor,Storage,Night,Minimal,59.118,1.1548,5.851,9400.99,43.55,87.679,0,0
M-200836,Pump,Utilities,Day,Enhanced,80.935,2.389,5.042,7037.6,54.53,74.59,1,0
M-200837,Motor,Process-A,Night,,63.959,1.511,7.256,1072.3,32.61,68.744,1,0
M-200838,Fan,Process-B,Night,Enhanced,60.764,2.6535,5.234,8560.02,96.7,89.031,2,0
M-200839,Motor,Process-B,Day,Enhanced,71.139,2.5804,8.126,4725.19,73.62,88.858,3,0
M-200840,,Packaging,Day,Standard,58.859,1.9703,4.568,6943.57,98.08,,2,0
M-200841,Motor,Storage,Day,Enhanced,80.299,1.5413,8.066,5198.34,17.82,85.697,2,0
M-200842,Compressor,Process-A,Evening,Standard,89.92,1.1291,5.182,3820.99,59.62,77.593,2,0
M-200843,Fan,Process-A,Evening,Standard,63.008,3.2166,4.539,5065.05,11.66,81.647,2,0
M-200844,Motor,Storage,Evening,Standard,69.815,2.9211,3.33,5902.93,81.26,70.918,2,0
M-200845,Pump,Utilities,Day,Standard,62.246,1.7035,6.577,2875.8,157.32,59.587,1,0
M-200846,Pump,Process-A,Night,Standard,82.849,2.4085,8.064,4414.62,75.45,51.165,1,0
M-200847,Motor,Process-A,Day,Enhanced,66.863,1.0836,5.949,3174.8,110.03,65.875,1,0
M-200848,Motor,Utilities,Night,Standard,65.747,1.9654,7.645,2167.38,99.0,49.095,0,0
M-200849,Motor,Process-B,Day,Standard,77.97,2.1169,7.261,6039.34,125.54,,2,0
M-200850,Motor,Process-A,Day,Standard,72.539,1.0459,7.029,2488.18,,33.834,2,0
M-200851,Fan,Process-B,Night,Enhanced,70.622,1.5149,8.552,9046.67,58.26,87.41,3,0
M-200852,Pump,Packaging,Night,Standard,79.963,,6.076,6090.97,60.12,67.082,3,0
M-200853,Motor,Process-A,Day,Standard,78.03,1.1824,7.829,5642.63,125.26,50.848,1,0
M-200854,Compressor,Process-A,Day,Minimal,53.76,1.5234,7.562,,100.81,77.525,1,0
M-200855,Pump,Packaging,Evening,Standard,,0.9933,7.602,4685.39,101.93,61.409,3,0
M-200856,Fan,Process-B,Night,,58.5,2.2683,7.838,1779.37,64.71,71.75,1,0
M-200857,Fan,Process-A,Day,Standard,53.186,3.9166,6.726,4547.77,154.09,54.313,1,0
M-200858,,Utilities,Evening,Standard,76.561,4.268,9.114,2406.84,103.56,87.282,1,0
M-200859,Motor,Utilities,Day,Standard,86.641,2.0854,,879.74,37.34,110.0,1,0
M-200860,Pump,Process-A,Day,Enhanced,69.181,1.5444,7.113,8474.46,112.44,74.05,0,0
M-200861,Fan,Process-B,Day,Standard,60.675,2.85,9.532,10453.81,38.16,73.038,3,0
M-200862,Pump,Utilities,Day,Standard,68.339,1.8562,7.001,3085.27,114.16,41.339,0,0
M-200863,Pump,Packaging,Night,Standard,64.692,2.56,6.51,1493.11,336.19,61.068,0,0
M-200864,Motor,Utilities,Night,Standard,89.495,1.9449,3.217,10400.25,16.08,64.9,3,0
M-200865,Pump,Process-A,Night,Minimal,65.259,1.1507,5.654,3899.26,25.9,72.541,0,0
M-200866,Motor,Process-A,Day,Minimal,48.009,,6.687,2449.09,365.0,64.051,0,0
M-200867,Compressor,Utilities,Day,Enhanced,68.495,0.6941,5.369,4153.41,24.56,74.322,1,0
M-200868,Fan,Process-B,Night,Enhanced,73.983,1.1078,7.71,7298.65,49.31,70.517,1,0
M-200869,Motor,Process-B,Evening,Minimal,62.702,1.5571,7.634,9870.51,77.71,82.009,1,0
M-200870,Compressor,,Evening,Standard,58.246,0.6328,6.267,11710.84,57.18,72.565,1,0
M-200871,Compressor,Storage,Day,Standard,57.46,2.3256,4.533,1163.34,134.13,70.451,2,0
M-200872,Pump,Packaging,Night,Enhanced,64.231,1.0335,7.966,899.05,53.19,86.059,0,0
M-200873,,Process-B,Night,Enhanced,,2.1891,7.598,1269.17,229.06,74.838,2,0
M-200874,Motor,Packaging,Night,,63.576,1.239,2.516,3610.74,49.74,74.598,1,0
M-200875,Fan,Utilities,Evening,Standard,42.405,0.9011,,6003.39,164.68,53.914,0,0
M-200876,Motor,Process-A,Day,Enhanced,68.934,4.6395,6.319,3608.33,75.61,56.836,1,0
M-200877,Pump,Process-A,Day,,78.481,0.9061,6.827,2321.22,82.11,84.03,4,1
M-200878,Fan,,Evening,Standard,69.958,1.7577,8.134,2363.24,75.08,73.377,1,0
M-200879,Pump,Process-B,Evening,Standard,71.886,,,1382.69,61.42,73.01,2,0
M-200880,Motor,Process-A,Evening,Minimal,68.145,2.5988,8.042,3616.64,43.9,87.169,1,0
M-200881,Motor,Storage,Evening,Minimal,66.18,2.3402,6.882,1864.62,,59.066,2,0
M-200882,Pump,Process-B,Night,Enhanced,62.436,0.9786,5.967,7784.35,127.39,77.761,2,0
M-200883,Pump,Storage,Evening,Standard,52.097,5.0061,9.934,8958.68,88.09,85.135,0,1
M-200884,Fan,Packaging,Evening,Standard,66.897,2.8017,7.722,3323.73,365.0,64.199,2,1
M-200885,Pump,Process-A,Day,Standard,75.368,1.6354,9.299,7321.36,168.79,77.865,4,1
M-200886,Motor,Packaging,Day,Enhanced,56.53,1.5319,9.035,2801.21,99.24,61.175,2,0
M-200887,Pump,Process-B,Day,Enhanced,58.877,1.4589,4.304,6355.74,20.29,64.599,1,0
M-200888,Motor,Process-B,Evening,Enhanced,61.595,1.6317,5.761,2989.68,42.97,64.283,1,0
M-200889,Fan,Process-B,Evening,Standard,70.694,0.6769,7.875,7095.86,,54.987,1,0
M-200890,Fan,Process-B,Day,Enhanced,59.767,4.0778,7.446,6248.72,43.02,72.819,2,0
M-200891,Fan,Packaging,Day,Enhanced,88.722,2.1291,8.056,7586.39,78.84,69.998,1,0
M-200892,Fan,Utilities,Day,Enhanced,69.839,2.0545,7.481,7236.09,24.37,65.275,0,0
M-200893,Compressor,Process-A,Night,Standard,63.888,0.8285,5.834,16877.28,145.58,85.873,4,0
M-200894,Pump,Process-A,Day,Standard,59.576,4.7922,4.546,1889.02,72.23,64.852,2,0
M-200895,Fan,Packaging,,Standard,79.227,3.6421,8.967,3405.03,,62.576,0,0
M-200896,Motor,Packaging,Day,Standard,71.238,3.8047,7.344,7464.39,65.25,57.451,2,0
M-200897,Fan,Utilities,,Standard,55.381,2.3018,7.27,6902.78,81.5,48.254,3,0
M-200898,Motor,Utilities,Night,Standard,75.291,2.8387,3.547,3993.62,,68.323,1,0
M-200899,Compressor,Packaging,,Standard,70.336,0.8542,6.169,6060.17,365.0,76.305,0,1
M-200900,Motor,Packaging,Evening,Minimal,71.144,3.161,4.726,5454.85,159.09,57.331,3,0
M-200901,Compressor,Process-B,Evening,Enhanced,46.833,2.1691,6.952,4289.75,94.4,80.635,3,0
M-200902,Motor,Packaging,Night,Standard,77.012,1.9588,6.261,,,63.185,1,0
M-200903,Motor,Process-B,Evening,Standard,65.367,0.7696,7.51,6241.49,72.84,92.984,,0
M-200904,Motor,Packaging,Evening,Minimal,57.998,1.7114,4.682,4397.72,331.66,66.679,1,0
M-200905,Motor,Utilities,Day,Enhanced,74.812,0.9932,6.535,3996.34,112.46,87.294,1,0
M-200906,Pump,Utilities,Evening,Enhanced,87.511,1.3242,4.959,1295.07,117.8,64.075,2,0
M-200907,Motor,Utilities,Night,Minimal,57.46,,5.172,11695.97,119.87,81.413,2,0
M-200908,Motor,Utilities,Night,Enhanced,70.489,2.0045,7.044,18000.0,52.26,70.994,2,0
M-200909,Compressor,Utilities,Night,Standard,67.566,1.5625,7.232,4789.59,,71.47,0,0
M-200910,,Process-A,Night,Standard,77.304,5.6597,5.499,5302.48,87.41,51.562,,1
M-200911,Motor,Utilities,,Enhanced,76.235,,4.934,3967.18,33.89,73.826,0,0
M-200912,Compressor,Packaging,Day,Standard,63.577,1.8963,7.916,10296.87,58.28,64.38,1,0
M-200913,Pump,Utilities,Night,Standard,75.136,1.812,7.398,3498.39,70.35,87.901,0,0
M-200914,Motor,Utilities,Evening,Minimal,56.126,0.933,6.498,4347.96,8.07,57.576,2,0
M-200915,Motor,Process-A,Evening,,60.82,1.7722,8.096,4927.57,118.97,55.816,2,0
M-200916,Fan,,Night,Standard,63.917,3.4489,6.593,10223.39,186.73,37.874,3,1
M-200917,Pump,Packaging,Night,Enhanced,63.683,1.1014,,4259.1,79.8,66.721,0,0
M-200918,Motor,Process-A,Evening,Standard,74.928,0.9179,6.466,5718.17,71.2,89.544,0,0
M-200919,Motor,Storage,Evening,Standard,65.392,1.9337,6.686,995.84,63.81,71.968,1,0
M-200920,Pump,Process-A,Evening,Standard,,1.2053,5.367,2614.04,84.79,62.395,2,0
M-200921,Compressor,Utilities,Day,Enhanced,58.601,1.4353,6.111,5064.1,,81.954,2,0
M-200922,Pump,Process-B,Evening,Enhanced,,1.3619,6.705,5239.35,78.87,66.207,2,0
M-200923,Motor,Utilities,Night,Minimal,77.792,1.5922,7.628,11492.24,63.92,98.958,2,0
M-200924,Motor,,Day,Standard,73.248,1.6135,8.883,1864.19,182.67,90.497,1,0
M-200925,Fan,Packaging,Day,,47.702,4.9901,,11996.93,141.14,49.815,3,1
M-200926,Motor,Packaging,Day,Standard,60.592,2.1469,6.316,3618.75,94.41,72.333,2,0
M-200927,Compressor,Process-A,Night,Minimal,57.576,2.2176,7.085,10291.51,33.15,20.0,1,0
M-200928,Compressor,Process-B,Day,Standard,77.56,,5.762,3781.36,132.29,92.784,0,0
M-200929,Pump,Process-B,Evening,Standard,72.147,1.3905,9.695,3658.82,31.62,84.712,3,0
M-200930,Pump,Process-A,Evening,Standard,73.005,1.6615,5.41,2687.39,38.46,,0,0
M-200931,Pump,Utilities,Evening,Enhanced,89.029,2.8006,7.062,3614.93,103.82,71.38,3,0
M-200932,Compressor,,Day,Standard,77.658,0.9495,9.115,3117.74,30.13,,2,0
M-200933,Compressor,Process-B,Evening,Standard,,1.4976,5.175,12001.64,110.92,69.165,0,0
M-200934,Compressor,Packaging,Day,Standard,66.358,1.7342,6.679,8535.48,20.75,70.429,0,0
M-200935,Pump,Process-A,Day,Standard,,1.7789,7.245,2087.72,123.39,94.69,2,1
M-200936,Pump,Utilities,Night,Minimal,87.626,2.8973,8.677,4805.62,142.58,71.546,2,1
M-200937,Motor,Process-B,Evening,Minimal,71.218,1.6241,8.228,5557.51,85.2,80.496,1,0
M-200938,Fan,Packaging,,Standard,55.742,,5.922,4904.7,180.35,66.772,1,0
M-200939,Pump,Process-A,Night,Standard,53.147,1.1601,7.365,4876.26,91.81,64.849,3,0
M-200940,Compressor,Packaging,Evening,Standard,53.72,1.2475,6.247,7004.95,22.09,99.144,1,0
M-200941,Pump,Storage,Evening,Enhanced,77.869,1.6945,4.649,1459.36,60.29,85.959,4,0
M-200942,Fan,Process-B,Day,Minimal,68.446,1.808,8.176,2316.37,73.76,70.283,0,0
M-200943,Pump,,Day,Standard,65.591,3.514,3.827,3014.84,147.37,38.682,3,0
M-200944,Pump,Process-B,Day,Standard,81.454,1.5953,7.041,5948.46,132.46,65.384,0,0
M-200945,Motor,Packaging,,Minimal,64.709,1.4829,8.576,2470.01,138.74,63.345,2,0
M-200946,Motor,Utilities,Day,Standard,52.423,2.2618,5.048,9225.08,38.09,47.802,1,0
M-200947,Motor,Process-A,Day,Standard,72.469,0.7086,8.578,2446.07,166.82,66.714,2,0
M-200948,Motor,Storage,Day,Minimal,77.733,0.9034,5.579,2035.02,31.71,100.346,1,0
M-200949,Motor,Process-B,Night,Standard,49.639,0.8797,,2712.12,57.58,87.384,1,0
M-200950,Pump,Process-B,Evening,Standard,63.428,3.0447,7.891,2684.31,271.15,57.252,2,1
M-200951,Motor,Storage,Night,,75.973,4.0496,7.239,2233.75,88.41,54.952,0,0
M-200952,Motor,Packaging,Day,Standard,66.424,2.0288,6.119,5042.43,140.58,81.35,3,1
M-200953,Compressor,Packaging,Night,Minimal,76.309,1.4831,5.914,8428.85,194.43,83.626,2,1
M-200954,,Storage,Evening,Standard,71.305,1.2231,8.187,6751.61,25.04,46.505,2,0
M-200955,Compressor,Packaging,Evening,Enhanced,78.633,1.2824,5.555,7667.94,82.91,75.655,0,0
M-200956,Motor,Process-A,Night,Standard,58.582,2.0517,6.205,5676.93,176.21,72.148,2,1
M-200957,Motor,Process-B,Day,Standard,62.862,2.1522,7.057,2179.14,81.03,78.171,2,0
M-200958,,Packaging,Night,Standard,,1.3587,4.404,6148.96,74.94,,1,0
M-200959,Motor,Process-B,Evening,Standard,64.948,1.9447,6.332,2850.19,66.83,74.893,,0
M-200960,Motor,Process-A,Day,Minimal,63.731,1.1903,8.374,4091.49,62.92,50.73,1,0
M-200961,,Process-A,Day,Standard,82.991,0.8581,5.745,2300.11,,77.833,3,0
M-200962,Motor,Process-B,Evening,Standard,74.205,3.4155,8.074,5930.99,79.74,33.515,1,0
M-200963,Compressor,Utilities,Day,,70.241,2.5753,5.722,7731.15,131.81,79.289,1,0
M-200964,Motor,Process-B,Night,Enhanced,46.357,,6.938,5918.01,307.97,76.563,5,0
M-200965,Pump,,Day,Standard,,,6.054,8262.5,76.78,54.349,0,0
M-200966,Motor,Utilities,Day,Enhanced,62.715,1.163,5.23,9951.23,131.17,79.135,5,0
M-200967,Compressor,,Day,Standard,60.452,,,2504.26,105.19,78.903,2,0
M-200968,Pump,Process-A,Day,Standard,70.398,0.9692,5.629,4764.02,211.45,62.462,2,1
M-200969,,Packaging,Day,Standard,69.37,0.7055,8.461,3285.85,,,1,0
M-200970,Pump,Process-A,Day,Minimal,63.942,1.5357,4.345,1798.96,30.55,77.153,2,0
M-200971,Pump,Process-B,Day,Standard,64.119,1.7524,5.891,1414.18,24.58,89.537,2,0
M-200972,Fan,,Evening,Standard,77.617,2.8648,9.052,,42.09,64.42,4,0
M-200973,Compressor,Process-A,Day,Standard,64.39,1.897,2.398,6176.52,48.2,75.331,3,0
M-200974,Motor,Storage,Day,Standard,75.671,4.7952,4.609,6064.2,149.66,61.704,3,0
M-200975,Compressor,Packaging,Night,Standard,74.287,2.3177,,3715.62,121.16,64.549,0,1
M-200976,Motor,Process-B,Night,Enhanced,73.184,1.2591,5.823,5924.4,55.56,74.295,3,0
M-200977,Compressor,Utilities,Day,Standard,59.918,,7.345,8196.65,54.88,67.919,,0
M-200978,Motor,Process-B,Night,,74.52,3.6723,6.208,8533.48,57.67,66.617,1,0
M-200979,Fan,Process-A,Evening,Enhanced,61.099,2.1763,4.919,8153.09,59.08,90.599,3,0
M-200980,Fan,Utilities,Day,Standard,65.332,1.8671,8.322,5832.5,94.64,47.663,4,0
M-200981,Compressor,Storage,Night,Standard,70.586,1.7497,5.31,3259.7,36.83,63.856,0,0
M-200982,Fan,Packaging,Night,Standard,77.036,2.7952,7.017,3241.75,94.65,90.718,1,0
M-200983,Fan,Process-A,,Standard,66.814,1.5053,7.196,3967.72,60.45,56.807,0,0
M-200984,Compressor,Process-A,Night,Standard,46.054,,8.506,,37.76,68.865,5,0
M-200985,Pump,Storage,Night,Enhanced,73.084,1.4666,7.503,5468.09,123.65,71.455,0,0
M-200986,Pump,Packaging,Night,Standard,63.814,2.5478,6.174,4863.27,123.22,45.23,2,0
M-200987,Fan,Packaging,Day,Standard,55.659,0.9072,7.309,4811.34,4.86,50.688,3,0
M-200988,Fan,Packaging,Day,Standard,53.752,0.8778,8.248,759.97,45.05,83.049,0,0
M-200989,Fan,Process-A,Day,Standard,70.319,1.6376,8.227,,146.22,78.352,3,1
M-200990,Motor,Process-A,Evening,Minimal,58.991,1.3928,7.081,2634.26,150.49,78.867,2,0
M-200991,Motor,Process-A,Day,Enhanced,76.298,3.6257,5.925,5412.75,133.8,72.632,3,1
M-200992,Motor,Process-A,Night,Enhanced,58.436,1.5469,6.568,3452.69,71.55,80.102,1,0
M-200993,Fan,Utilities,Day,Standard,71.181,1.6515,6.624,3971.51,131.98,61.49,2,0
M-200994,Pump,Process-B,Day,Standard,,1.6473,8.209,2015.88,65.5,79.672,1,0
M-200995,Pump,Utilities,Night,Standard,81.508,1.4668,6.903,4862.42,142.73,79.194,0,0
M-200996,Pump,Packaging,Evening,Standard,66.234,1.3701,7.246,4663.47,110.92,63.309,1,0
M-200997,Compressor,Storage,Evening,Minimal,55.587,1.4417,5.818,4221.79,117.72,62.515,1,0
M-200998,Pump,,Evening,Minimal,77.174,2.4391,3.924,3948.25,162.19,80.332,1,0
M-200999,Compressor,,Evening,Enhanced,56.958,1.5426,5.376,4363.64,24.7,51.136,1,0
M-201000,Pump,Process-A,Day,Standard,69.964,0.9454,6.562,5409.79,32.35,65.54,2,0
M-201001,Motor,Packaging,Day,Standard,74.556,1.2863,8.608,2066.26,68.6,62.508,0,0
M-201002,Pump,Storage,Evening,Standard,,,7.037,2945.57,37.51,96.933,1,0
M-201003,Fan,Process-A,Day,Enhanced,86.054,2.2931,6.745,17267.81,60.24,78.705,0,0
M-201004,Motor,Packaging,Evening,,59.497,2.8546,8.26,2311.54,,76.053,4,0
M-201005,,Process-A,Day,Standard,68.113,1.1491,7.93,5858.24,49.45,48.502,1,0
M-201006,Pump,Process-A,Day,Standard,75.554,1.6085,9.571,2639.0,27.85,58.979,2,0
M-201007,Pump,Storage,,Standard,78.341,2.0915,8.658,3350.7,53.23,88.06,2,0
M-201008,Motor,Utilities,Night,Standard,55.748,2.2494,5.877,3679.27,,46.315,6,0
M-201009,Compressor,Packaging,Day,Minimal,74.006,1.1275,7.641,10077.64,97.22,101.327,,0
M-201010,Pump,Process-A,Night,Minimal,79.148,1.6069,4.644,3034.4,50.24,76.487,1,0
M-201011,Fan,Packaging,Day,Standard,69.732,1.4872,7.239,3283.53,,54.677,0,0
M-201012,Motor,Process-A,Night,Enhanced,,1.0263,6.853,4242.29,58.39,62.866,3,0
M-201013,Motor,Process-A,Day,Enhanced,60.456,,6.699,3380.58,58.17,73.98,2,0
M-201014,Motor,Process-A,Night,Standard,86.138,1.8746,7.5,9038.09,97.15,77.288,,1
M-201015,Motor,Process-B,Night,Enhanced,89.93,2.9241,4.253,3848.59,124.41,68.975,0,1
M-201016,Motor,Utilities,Day,Enhanced,71.954,1.0368,5.984,2181.24,139.09,87.423,2,0
M-201017,Compressor,Process-A,Night,Standard,84.116,,6.256,3226.71,90.74,94.443,4,1
M-201018,Motor,Packaging,Night,Standard,59.24,2.7158,9.238,6074.99,84.34,73.146,2,0
M-201019,Motor,Utilities,Day,Minimal,68.455,1.7021,7.873,3208.12,64.66,,2,0
M-201020,Motor,Packaging,Day,Standard,72.729,1.8,7.87,4117.88,12.78,88.204,1,0
M-201021,Fan,,Day,Enhanced,74.815,1.9181,5.357,1810.27,70.31,84.662,1,0
M-201022,Pump,Utilities,Night,Enhanced,78.767,3.9688,8.364,10239.84,251.85,75.226,2,1
M-201023,Motor,Utilities,Evening,Standard,66.264,1.63,9.327,9482.11,95.38,68.033,5,0
M-201024,Compressor,Utilities,Day,Enhanced,80.096,1.7729,6.951,2715.59,168.87,86.372,1,0
M-201025,Motor,,Evening,Minimal,84.271,0.7432,7.412,5123.17,134.39,74.563,2,0
M-201026,Compressor,Process-A,Night,Standard,54.12,1.1017,2.625,3273.19,181.9,80.383,0,0
M-201027,Compressor,Process-B,Night,Standard,72.302,2.2376,6.329,4537.49,245.83,82.73,1,1
M-201028,Pump,Process-A,Day,Standard,85.248,1.9715,9.008,18000.0,118.59,91.341,0,1
M-201029,Compressor,Packaging,Day,Standard,78.611,0.7381,6.348,7744.03,,,0,0
M-201030,Pump,Utilities,Day,Standard,65.462,0.883,6.013,1661.31,,40.448,2,0
M-201031,Motor,Packaging,Day,Standard,80.848,1.4227,4.744,10227.74,38.3,74.605,2,0
M-201032,Compressor,Storage,Evening,Minimal,70.598,1.1594,4.464,5557.55,45.93,67.926,1,0
M-201033,Compressor,Process-A,Evening,Minimal,67.389,1.991,7.206,12639.99,170.36,38.3,3,1
M-201034,,Process-B,Night,Standard,71.787,,8.625,1349.07,83.41,84.481,0,0
M-201035,Pump,Packaging,Day,Enhanced,74.389,2.7067,9.491,2767.62,76.1,76.627,,0
M-201036,Pump,Packaging,Evening,Standard,72.265,1.5194,8.832,3854.2,17.32,53.349,1,0
M-201037,Motor,Utilities,Day,Enhanced,69.389,1.5294,7.863,789.89,115.79,45.508,2,0
M-201038,Compressor,Process-A,Day,Standard,72.582,2.1277,8.571,1652.22,130.83,49.49,0,0
M-201039,Compressor,,Day,Standard,49.339,1.8638,8.403,3811.39,115.62,62.972,3,0
M-201040,Pump,Process-B,Evening,Standard,55.584,1.9313,6.142,9580.29,49.28,66.385,1,0
M-201041,Motor,Process-A,Day,Minimal,71.799,2.7051,7.024,5380.29,49.45,103.36,1,1
M-201042,Fan,Process-B,Day,Standard,72.621,0.8541,7.544,2373.92,50.99,68.969,1,0
M-201043,Fan,Process-A,Evening,Standard,62.847,2.2405,8.635,3444.99,80.63,58.073,5,0
M-201044,Motor,Packaging,Day,Enhanced,81.429,2.8921,6.583,1985.14,309.33,63.658,3,1
M-201045,Motor,Utilities,Day,Enhanced,80.716,1.4434,,1596.27,65.65,82.53,1,0
M-201046,Pump,Storage,Day,Standard,70.675,1.1325,6.183,4333.85,,76.736,5,0
M-201047,Compressor,Process-A,Day,Standard,78.452,1.5467,6.591,3453.04,107.94,86.61,0,0
M-201048,Compressor,Process-B,Evening,Minimal,71.298,1.13,5.105,3255.45,22.84,92.854,1,1
M-201049,Pump,Packaging,Night,Enhanced,51.463,1.2857,6.046,8267.55,66.9,79.045,1,0
M-201050,Compressor,Utilities,Night,Enhanced,70.161,3.1452,5.002,1868.06,99.3,55.029,2,0
M-201051,Motor,Process-A,Day,Enhanced,,1.5002,5.966,3435.83,69.67,78.912,1,0
M-201052,Compressor,Process-B,,Enhanced,57.058,1.589,8.954,10796.79,38.26,78.613,1,0
M-201053,Pump,Utilities,Day,Enhanced,75.803,,6.678,11107.51,50.96,84.438,2,0
M-201054,Pump,Utilities,,Standard,69.303,1.389,,7263.59,147.77,57.703,0,0
M-201055,Compressor,Process-A,Day,,72.257,2.0377,5.987,9203.34,62.91,83.462,0,1
M-201056,Fan,Process-A,,Enhanced,84.926,1.5519,6.882,3472.44,301.5,71.152,2,1
M-201057,Compressor,Process-B,Day,Standard,72.813,2.1426,8.321,11159.85,,68.894,3,0
M-201058,Pump,Storage,Evening,Enhanced,55.32,5.127,9.959,15522.25,40.18,61.375,0,0
M-201059,Pump,Process-B,Night,Standard,59.239,1.5713,7.685,6346.19,9.52,75.013,2,0
M-201060,Motor,Process-A,Night,Minimal,58.18,1.9258,7.402,7707.57,46.07,69.912,2,0
M-201061,Compressor,Process-B,Night,Minimal,73.659,2.8052,9.006,4314.15,67.18,68.34,2,0
M-201062,Compressor,Packaging,Night,Minimal,82.857,2.2307,10.424,4170.04,49.98,84.946,2,0
M-201063,Motor,Process-A,Evening,Enhanced,67.671,0.557,6.146,3177.8,170.41,87.355,1,0
M-201064,Compressor,Packaging,Day,Minimal,66.996,1.3,9.177,1155.68,107.74,97.245,1,0
M-201065,Compressor,Process-B,Day,Enhanced,56.261,3.5303,6.427,7814.13,48.72,61.785,1,0
M-201066,,Process-B,Evening,Standard,85.357,0.8035,6.803,5359.3,144.36,98.246,3,1
M-201067,Pump,Process-A,Day,Standard,93.345,1.447,7.165,9833.66,87.37,46.95,1,0
M-201068,Motor,Process-A,Day,Standard,64.312,1.8746,6.461,2250.09,,79.419,1,0
M-201069,Pump,Process-A,Night,Standard,67.035,1.3922,6.145,10157.4,51.46,110.0,1,0
M-201070,Compressor,Packaging,Evening,Standard,59.695,1.484,7.18,3486.22,55.27,,1,0
M-201071,Compressor,Process-B,Night,Standard,58.801,,8.202,1434.54,56.34,93.126,3,0
M-201072,,Process-A,Evening,Minimal,63.238,1.6902,8.957,8248.1,192.36,76.609,1,1
M-201073,Motor,Packaging,Night,Minimal,65.764,2.5317,5.798,4489.16,39.54,71.638,3,0
M-201074,Compressor,Process-B,Day,Enhanced,74.292,1.406,,4970.3,34.58,91.538,2,0
M-201075,Fan,Process-A,Night,Standard,70.947,1.7778,7.955,2226.29,117.95,97.135,0,0
M-201076,Compressor,Packaging,Evening,Minimal,73.146,1.6339,,9061.08,26.6,69.764,3,1
M-201077,Compressor,Packaging,Day,Enhanced,50.536,,6.425,7416.3,86.56,66.907,1,0
M-201078,Pump,Process-A,Evening,Standard,67.32,0.9531,5.379,4120.65,27.49,87.702,2,0
M-201079,Motor,Utilities,Day,Minimal,71.445,1.8047,6.988,4565.48,68.41,78.098,0,0
M-201080,Fan,Process-B,Day,Enhanced,82.334,2.4059,7.95,6659.63,,82.695,1,0
M-201081,Pump,Storage,Night,Standard,74.397,1.0361,5.727,5159.74,69.45,75.805,,0
M-201082,Compressor,Utilities,Day,Standard,,1.2683,9.324,4088.29,75.9,82.36,5,0
M-201083,Motor,,Day,Standard,74.863,2.372,5.7,807.84,93.56,66.226,3,0
M-201084,Fan,Storage,Day,Enhanced,73.834,1.1821,8.064,7100.03,99.36,72.312,2,0
M-201085,Motor,Process-A,Day,Standard,63.052,1.6303,7.001,6628.01,98.5,67.028,1,0
M-201086,Motor,Process-A,Day,Standard,57.771,2.2943,8.749,6147.41,122.38,65.644,2,0
M-201087,Compressor,Packaging,Night,Standard,68.315,0.8149,7.061,4456.67,46.93,62.079,1,0
M-201088,Motor,Process-A,Day,Standard,71.97,1.3964,6.509,6878.62,,61.757,3,0
M-201089,Pump,Process-A,Evening,Standard,72.379,1.2836,7.071,5447.76,78.64,52.594,1,0
M-201090,Pump,Process-B,Evening,,69.906,1.803,6.907,4671.16,107.09,79.182,1,1
M-201091,Motor,Packaging,Night,Standard,68.315,1.3394,8.635,5412.23,84.71,57.933,0,1
M-201092,Compressor,Storage,Evening,Enhanced,,1.0746,6.601,3108.14,39.21,57.074,,0
M-201093,Pump,Packaging,Evening,Enhanced,70.888,1.8852,8.08,3092.44,18.85,57.832,3,0
M-201094,Motor,Storage,Day,Standard,61.161,2.3906,6.619,3201.37,22.99,110.0,1,0
M-201095,Motor,Storage,Day,Minimal,68.068,1.3217,8.134,7232.76,189.68,,4,0
M-201096,Compressor,Process-B,Day,Standard,67.361,2.0091,6.494,11062.74,73.88,70.881,2,0
M-201097,Motor,Process-B,Day,Standard,76.241,2.4479,6.86,4382.86,113.19,54.923,3,0
M-201098,Motor,Process-B,Night,Enhanced,65.316,2.738,5.388,10878.21,,38.861,2,0
M-201099,Motor,Utilities,Evening,Standard,72.413,1.0819,4.708,3751.23,107.27,62.752,3,0
M-201100,Compressor,Packaging,Evening,Minimal,66.052,1.8636,6.778,2400.03,99.82,82.798,1,0
M-201101,Motor,Process-A,Day,Standard,51.639,1.2715,7.054,1005.43,72.5,,1,0
M-201102,Motor,Process-B,Day,Minimal,60.46,1.4384,3.112,3500.72,78.27,44.805,2,0
M-201103,Fan,Process-B,Day,Minimal,,0.6646,6.726,1113.81,217.79,99.34,0,0
M-201104,Motor,Process-B,Day,Minimal,67.279,0.9792,4.463,2428.46,110.58,59.427,1,0
M-201105,Compressor,Packaging,Day,Standard,61.351,1.587,7.901,7667.6,,76.392,1,0
M-201106,Compressor,Process-A,Day,Standard,61.805,1.6188,6.145,3902.11,,81.238,1,0
M-201107,Fan,Process-A,Night,Standard,,1.8811,7.732,2738.67,47.51,56.292,0,0
M-201108,Pump,Storage,Night,Standard,55.776,2.7688,6.097,3735.07,143.21,82.525,1,0
M-201109,Motor,Utilities,Evening,Standard,74.27,1.7126,5.898,4794.1,55.24,58.674,2,0
M-201110,Fan,Process-B,,Enhanced,81.06,1.207,7.532,1509.37,85.51,,2,0
M-201111,Fan,Process-B,Evening,Standard,60.935,,9.563,3435.35,259.38,90.568,1,0
M-201112,Pump,Packaging,Evening,Enhanced,75.683,2.1302,4.843,2066.88,73.37,55.11,2,0
M-201113,Compressor,Process-A,Night,Standard,68.375,0.7446,5.242,4825.63,126.29,,1,0
M-201114,Motor,Packaging,Night,Standard,53.1,2.6848,2.763,3924.0,69.27,67.837,1,0
M-201115,Fan,Utilities,Night,,68.857,,8.263,4554.07,163.09,56.483,2,0
M-201116,Compressor,Utilities,Night,Enhanced,81.311,2.2801,4.576,2749.77,76.15,70.285,0,0
M-201117,Pump,Process-B,Day,Standard,83.285,0.6763,7.728,9722.19,103.27,97.335,3,0
M-201118,Motor,Utilities,Evening,Minimal,62.742,0.8674,6.586,3128.39,39.28,67.313,1,0
M-201119,Compressor,Process-A,Night,Standard,66.778,3.4436,6.994,7772.06,147.02,61.693,0,1
M-201120,Compressor,,Night,Enhanced,54.187,,5.951,6801.52,55.27,55.67,1,0
M-201121,Motor,Storage,Day,Standard,63.29,,4.44,798.86,42.24,53.377,1,0
M-201122,Pump,Process-A,Day,Enhanced,78.843,0.7268,7.74,8112.1,16.95,,2,0
M-201123,Fan,Utilities,Day,Standard,72.052,1.4474,8.162,9135.73,100.07,,2,0
M-201124,Pump,Utilities,Day,,73.326,3.0004,7.322,9222.28,188.64,81.077,0,1
M-201125,Pump,Packaging,Evening,Standard,69.157,2.3471,5.866,3746.96,14.82,69.636,1,0
M-201126,Fan,Packaging,Night,Standard,65.631,1.9314,8.135,1877.29,113.27,67.651,0,0
M-201127,Fan,Process-A,Evening,Standard,64.139,1.3823,5.583,2594.49,183.65,70.816,1,0
M-201128,Compressor,Packaging,Day,Minimal,72.74,1.8541,8.037,8109.26,122.44,87.409,4,0
M-201129,Pump,Packaging,Evening,Minimal,63.301,0.9267,6.02,2674.3,101.48,94.199,2,0
M-201130,Compressor,Packaging,Evening,Standard,64.199,1.7696,5.735,4405.28,36.68,58.168,1,0
M-201131,Fan,Packaging,Evening,Standard,75.009,1.1077,8.469,4374.59,171.55,74.662,2,0
M-201132,Compressor,,Day,Standard,59.754,1.9007,4.852,9022.77,79.06,64.329,0,0
M-201133,Compressor,Process-B,Day,Minimal,62.849,1.6995,6.869,3605.25,118.52,68.685,5,0
M-201134,Pump,Packaging,Night,Standard,66.941,3.1547,5.237,4833.54,,56.1,0,0
M-201135,Motor,Utilities,Night,Standard,72.704,1.0771,8.187,3929.86,116.45,65.998,2,0
M-201136,Pump,Utilities,Day,Standard,61.926,1.3342,6.571,4985.09,49.97,,5,0
M-201137,Motor,Storage,Day,Standard,69.334,1.5678,6.35,,69.39,71.914,2,0
M-201138,Motor,Process-B,Evening,Standard,69.286,0.961,6.181,1425.27,128.57,79.884,3,0
M-201139,Motor,Utilities,Day,Enhanced,84.596,1.4556,5.581,547.17,155.62,107.379,2,0
M-201140,Compressor,Process-A,Day,Standard,,1.4714,7.774,11017.0,48.76,83.345,2,0
M-201141,Motor,Process-B,Day,,75.704,2.9855,7.651,8465.7,92.46,,1,1
M-201142,Motor,Process-A,Evening,Enhanced,67.309,0.974,3.807,8579.31,,68.964,2,0
M-201143,Compressor,Storage,Night,Enhanced,80.95,1.4752,6.395,8852.94,57.0,26.188,1,0
M-201144,Motor,Process-B,Evening,Minimal,65.307,1.5013,8.181,1540.12,140.52,65.277,1,0
M-201145,Motor,Packaging,Day,Minimal,58.33,2.2866,6.357,3128.09,40.06,,1,0
M-201146,Motor,Packaging,Day,Minimal,74.562,2.1092,4.016,10444.42,34.29,75.115,1,0
M-201147,Pump,Packaging,Day,Minimal,50.209,1.0298,6.405,3939.97,26.43,,2,0
M-201148,Pump,Process-B,Day,Standard,69.135,1.3421,8.308,8011.12,322.85,,1,1
M-201149,Compressor,Packaging,Evening,,57.385,0.438,4.549,9679.37,106.33,82.942,2,0
M-201150,Motor,Utilities,Evening,Standard,80.609,2.5576,,5541.75,174.04,78.541,2,1
M-201151,Pump,Process-A,Day,Standard,,2.2585,5.705,8559.46,64.59,44.149,1,0
M-201152,Compressor,Process-A,Day,Minimal,66.991,1.4599,8.374,6390.95,71.98,62.471,0,0
M-201153,Pump,Process-B,Evening,Standard,,2.2621,7.319,,,60.157,3,0
M-201154,,Utilities,Day,Minimal,62.35,3.0196,6.156,1835.46,212.63,73.48,1,0
M-201155,Motor,Process-B,Day,Standard,66.616,3.5476,4.642,5051.74,72.37,89.41,1,1
M-201156,Motor,Process-A,Night,Minimal,66.417,2.0989,5.969,1504.98,52.87,93.122,2,0
M-201157,Motor,Utilities,Night,Minimal,66.985,1.1017,10.482,17067.25,53.53,56.189,1,0
M-201158,Fan,,Day,Standard,69.334,1.1122,6.291,5437.2,8.4,71.066,2,0
M-201159,Pump,Process-B,Evening,Standard,71.421,3.142,4.686,2170.05,20.26,,3,0
M-201160,Motor,Process-B,Night,,73.839,2.4729,6.733,1929.05,55.37,47.588,1,0
M-201161,Motor,Process-B,Day,Standard,80.794,,4.572,2581.04,29.48,61.792,0,0
M-201162,Fan,Process-B,Evening,Standard,,1.7455,4.034,12035.02,90.85,44.859,2,0
M-201163,Pump,Utilities,Day,Enhanced,63.308,1.3871,8.225,10770.07,186.07,79.775,3,0
M-201164,Motor,Process-B,Day,Enhanced,79.003,1.7149,6.111,14957.28,152.07,67.418,2,1
M-201165,Pump,Utilities,Day,Standard,73.715,1.0546,6.837,6612.85,40.37,76.271,2,0
M-201166,Pump,Utilities,Night,Standard,75.869,1.2589,8.28,1451.67,84.18,83.418,1,0
M-201167,Pump,Storage,Day,,83.896,,7.098,13540.33,136.73,100.741,1,1
M-201168,Motor,Process-A,Day,Standard,66.824,1.2441,6.351,7097.57,25.97,66.324,2,0
M-201169,Motor,Packaging,Evening,Enhanced,77.986,1.2527,3.944,12962.14,,97.866,0,0
M-201170,Pump,Process-A,,Enhanced,64.806,2.875,7.004,2548.8,68.36,65.213,3,0
M-201171,Compressor,Utilities,Night,Minimal,66.284,2.1497,4.893,525.38,86.14,80.446,4,1
M-201172,Compressor,Utilities,Evening,Minimal,85.4,2.227,5.001,7512.74,115.65,,2,1
M-201173,Fan,Utilities,Evening,Standard,48.604,1.9758,8.703,2681.56,140.14,70.632,2,0
M-201174,,Storage,Night,Standard,75.785,3.5373,8.202,3480.09,58.1,61.124,0,0
M-201175,Motor,Process-A,Day,Standard,59.822,1.5238,10.489,3886.06,144.69,110.0,1,0
M-201176,Motor,Packaging,Day,Standard,79.869,,4.342,5873.01,77.7,76.325,2,0
M-201177,Motor,Storage,Day,Enhanced,76.304,1.7878,7.485,6079.69,,61.599,3,0
M-201178,Pump,Utilities,Evening,Standard,80.04,1.8956,3.084,5679.33,108.01,,3,0
M-201179,Pump,,Night,Standard,71.046,8.0,8.021,3217.36,91.89,46.619,1,1
M-201180,Compressor,Storage,Evening,Standard,54.547,,5.744,3154.24,114.91,58.127,0,0
M-201181,Motor,Process-B,,Standard,60.043,2.683,9.807,12031.51,80.79,50.934,1,0
M-201182,Motor,Process-B,Evening,Standard,77.997,2.8571,,7399.97,132.45,56.682,1,0
M-201183,Compressor,Process-A,Day,Enhanced,75.339,2.3136,7.942,5199.67,92.78,59.102,5,0
M-201184,Motor,Process-B,Evening,Standard,67.473,1.7734,6.687,,59.47,47.86,2,1
M-201185,Pump,Packaging,Evening,Standard,76.426,1.1332,7.018,2508.69,85.11,72.417,1,0
M-201186,Pump,Process-A,Night,Minimal,72.453,,6.34,7680.52,29.56,78.385,0,0
M-201187,Pump,Process-B,Evening,Minimal,45.956,1.3396,4.414,4966.22,,81.929,,0
M-201188,Motor,Packaging,Evening,Enhanced,73.611,1.9412,4.757,5321.15,20.43,84.381,5,0
M-201189,Pump,Process-A,Day,Standard,66.899,1.3098,5.637,2237.95,113.24,51.25,1,0
M-201190,Motor,Process-B,Day,Standard,67.513,2.9181,3.852,3962.35,28.36,89.31,2,0
M-201191,Motor,Packaging,Day,Standard,66.152,1.8127,8.272,1948.2,129.48,73.44,1,0
M-201192,Fan,Process-A,Day,Enhanced,69.024,1.1612,5.818,4828.29,39.22,80.742,2,0
M-201193,Compressor,Storage,,Standard,64.061,0.9645,5.141,3528.05,146.82,57.318,3,0
M-201194,Pump,Process-A,Evening,Standard,68.947,3.3138,5.411,4554.64,89.98,72.223,2,0
M-201195,Pump,Process-A,Evening,Standard,55.368,1.3565,6.631,8046.12,33.26,71.721,0,0
M-201196,Motor,Packaging,Evening,Standard,83.343,1.7899,9.548,4303.79,135.75,99.187,1,0
M-201197,Motor,Packaging,Night,Standard,,3.1058,8.783,3340.91,109.01,60.448,4,0
M-201198,Motor,Packaging,Evening,Enhanced,58.918,,5.335,8722.11,57.89,68.048,3,0
M-201199,Compressor,Packaging,Night,Standard,71.105,0.7219,6.95,10358.59,166.48,76.221,1,0
M-201200,Motor,Process-A,Night,Minimal,69.256,1.3078,6.982,3817.6,88.04,96.576,1,0
M-201201,Motor,Process-A,Night,Enhanced,79.834,4.1525,4.846,8225.91,171.73,101.689,0,1
M-201202,Compressor,Utilities,Day,Minimal,76.194,,6.172,5758.06,116.95,83.968,3,0
M-201203,Pump,Process-B,Day,Enhanced,52.497,1.6186,7.304,6279.42,118.24,80.411,4,0
M-201204,Motor,Storage,Day,Standard,67.123,1.1542,6.405,7292.55,179.84,61.347,2,0
M-201205,Motor,Process-B,Evening,Standard,44.837,1.3039,5.936,3660.77,31.2,75.889,0,0
M-201206,Fan,Packaging,Day,Minimal,59.578,2.3761,9.69,5328.81,26.11,61.165,1,0
M-201207,Motor,Process-A,Evening,Standard,77.386,,6.332,3642.24,66.61,62.026,1,0
M-201208,Pump,Packaging,Evening,Standard,51.425,1.6918,3.715,2096.17,88.74,72.327,2,0
M-201209,Fan,Process-A,Night,Standard,82.73,1.2654,,3455.76,40.88,78.341,1,0
M-201210,Pump,Process-B,Evening,Enhanced,70.985,,7.263,8027.84,37.52,86.373,2,0
M-201211,Motor,Process-B,Night,Standard,64.131,0.9473,5.976,3708.66,61.6,56.727,1,0
M-201212,Motor,Process-A,Evening,Minimal,67.976,2.2272,9.916,10953.22,35.98,58.459,1,0
M-201213,Motor,Process-A,Day,Standard,59.002,3.3221,8.484,8846.91,56.72,58.619,3,0
M-201214,,Process-A,Day,Minimal,44.388,2.3562,5.98,3768.67,46.6,56.603,1,0
M-201215,Compressor,Process-A,Day,Standard,65.514,1.5636,7.14,7738.55,45.65,71.187,4,1
M-201216,Fan,Process-A,Night,Standard,70.236,1.7247,9.066,3536.74,23.38,90.117,1,0
M-201217,Compressor,Utilities,Evening,Standard,66.793,1.7238,7.594,4960.35,127.64,26.157,1,0
M-201218,Motor,Process-A,Night,Minimal,75.878,2.5872,6.766,2382.33,116.57,86.163,2,1
M-201219,Compressor,Packaging,Day,Standard,76.104,2.4146,5.723,9616.24,73.15,72.608,2,0
M-201220,Pump,Process-B,Day,Standard,70.801,1.5259,4.805,3701.2,67.24,74.112,3,0
M-201221,Motor,Storage,Evening,Standard,62.816,1.4753,5.46,2788.8,149.0,70.457,5,0
M-201222,Fan,Process-A,Night,Minimal,63.199,1.1306,7.865,4014.41,101.7,110.0,1,0
M-201223,Pump,Storage,Day,Minimal,74.585,1.8595,7.204,5108.44,185.36,65.923,1,0
M-201224,Compressor,Utilities,Day,Standard,68.232,2.1527,6.702,5404.64,111.34,61.81,0,0
M-201225,Motor,Storage,Night,Standard,77.673,3.1805,7.98,,83.65,57.329,1,0
M-201226,Compressor,Utilities,Evening,Standard,67.317,1.5732,6.804,7783.12,182.56,55.23,0,1
M-201227,Fan,Process-B,Day,Minimal,,1.4674,6.729,3383.27,27.22,,1,0
M-201228,Fan,Process-A,Evening,Enhanced,,2.2152,4.783,,73.61,69.829,0,0
M-201229,Fan,Utilities,Day,Standard,53.432,1.3622,7.928,7122.01,,60.394,3,0
M-201230,Motor,Process-A,Night,Standard,68.605,0.881,5.732,1700.17,29.07,65.784,2,1
M-201231,Compressor,Process-A,Evening,Minimal,66.519,,6.928,7530.41,141.38,50.727,3,0
M-201232,Fan,Packaging,Night,Standard,55.186,2.2475,2.805,3250.31,90.54,56.347,0,0
M-201233,Fan,Utilities,Evening,Enhanced,56.406,3.4669,7.308,14662.6,128.38,71.451,1,0
M-201234,Compressor,Utilities,Night,,65.043,0.9836,6.971,2940.14,,,2,0
M-201235,Compressor,Utilities,Day,,59.777,1.9575,7.969,10866.62,34.2,38.801,0,0
M-201236,Motor,Process-A,Day,Standard,74.964,2.6386,6.123,2047.73,15.28,41.598,0,0
M-201237,Compressor,Process-B,Day,Minimal,62.198,2.5434,5.223,4697.55,55.28,66.406,1,0
M-201238,Pump,Process-B,Night,Standard,52.987,1.4603,6.241,13426.34,159.56,71.276,1,1
M-201239,,Utilities,Night,Standard,80.309,2.9693,6.81,8447.29,,79.982,1,0
M-201240,Fan,Utilities,Night,Standard,68.001,1.4281,4.89,1164.12,153.34,83.916,4,0
M-201241,Pump,Process-A,Day,Minimal,57.652,1.6864,8.455,2909.1,65.9,98.015,2,0
M-201242,Motor,Packaging,Night,Enhanced,59.164,1.6349,6.74,3058.25,25.5,89.288,1,0
M-201243,Compressor,Process-A,Evening,Enhanced,72.509,1.1092,6.568,3975.96,80.54,61.173,0,0
M-201244,Motor,Utilities,Day,Enhanced,49.802,1.785,6.187,4767.93,6.99,67.021,3,0
M-201245,Fan,Utilities,Evening,Enhanced,64.696,1.0341,7.332,3966.65,91.98,,0,0
M-201246,Pump,Process-A,Day,Standard,73.724,3.368,7.15,4834.15,11.74,29.909,2,0
M-201247,Compressor,Packaging,Day,Standard,70.759,1.3151,5.791,3352.92,97.62,71.071,2,0
M-201248,,Packaging,Night,Standard,72.388,1.2953,3.796,7414.87,43.55,89.671,2,0
M-201249,Motor,Utilities,Day,Enhanced,74.284,1.6207,,3880.35,91.31,60.042,1,0
M-201250,Fan,Process-B,Night,Standard,69.679,2.9737,5.701,4918.52,131.49,64.515,0,0
M-201251,Compressor,Process-B,Day,Standard,73.931,1.6175,7.123,10438.03,194.25,,2,0
M-201252,Fan,Process-B,Evening,Enhanced,59.309,3.3892,6.305,2258.75,75.56,76.818,3,0
M-201253,Pump,Process-B,Day,Minimal,51.052,1.8741,7.635,2741.22,148.24,65.078,2,0
M-201254,Fan,Packaging,Day,Standard,61.298,2.3777,5.762,6487.42,93.2,71.747,2,0
M-201255,Pump,Process-B,Night,Minimal,61.406,2.6406,6.767,4070.33,47.98,57.567,1,0
M-201256,Motor,Process-A,Evening,Standard,61.515,1.6087,6.789,2122.88,117.18,95.921,2,0
M-201257,Pump,Process-B,Evening,Enhanced,60.661,2.4872,7.502,3291.96,159.45,95.183,2,0
M-201258,Motor,Process-A,Day,Enhanced,68.77,0.9181,7.276,6381.85,,103.045,0,0
M-201259,Pump,Process-B,Day,Standard,69.511,1.3949,7.265,5845.03,114.19,66.73,1,0
M-201260,,Process-A,Evening,Enhanced,80.04,2.258,4.289,13580.97,43.5,59.635,1,0
M-201261,Pump,Process-B,Day,Standard,53.221,,8.574,5207.29,43.36,54.906,2,0
M-201262,Pump,Process-A,Night,Standard,70.515,1.5271,3.923,6515.34,57.26,58.374,1,0
M-201263,Pump,Process-A,Evening,Standard,65.71,2.0338,6.218,2168.45,,86.383,2,0
M-201264,Motor,Packaging,Evening,Enhanced,76.17,1.3468,7.052,,13.93,68.587,2,0
M-201265,Motor,Packaging,Day,Standard,47.485,1.2138,7.692,3500.37,121.04,70.995,1,0
M-201266,Motor,Process-B,Day,Standard,60.22,1.0969,8.318,3020.29,76.81,91.824,2,0
M-201267,Motor,Process-A,Day,Enhanced,68.376,2.61,8.233,6751.07,,81.641,2,0
M-201268,Motor,Process-A,Night,Enhanced,64.91,2.6152,5.979,1780.35,46.81,72.681,2,0
M-201269,Pump,Utilities,Evening,Standard,61.631,1.1083,7.978,2099.77,146.98,76.511,1,0
M-201270,Pump,Process-B,Night,Minimal,36.425,2.3896,6.089,6885.49,144.84,98.936,2,0
M-201271,Compressor,Process-A,Evening,Standard,65.665,1.7016,7.273,2663.6,78.22,97.877,0,0
M-201272,Compressor,Storage,Day,Minimal,62.314,1.682,5.497,7993.37,77.17,79.097,0,0
M-201273,Motor,Process-B,Day,Standard,61.604,1.2399,6.454,6809.53,35.26,78.353,1,0
M-201274,Compressor,Packaging,Day,Minimal,,1.7856,6.616,4189.33,39.75,66.3,0,0
M-201275,Pump,Packaging,Day,Standard,67.362,0.9193,6.029,2708.63,126.13,70.339,3,0
M-201276,Pump,Process-B,Day,Standard,44.224,,7.751,5926.65,41.93,63.594,3,0
M-201277,Compressor,Process-A,Day,Standard,68.022,1.5008,6.737,8366.05,68.75,91.808,1,0
M-201278,Pump,Process-A,Day,Standard,68.409,,7.127,8630.05,56.73,83.491,1,0
M-201279,Fan,Packaging,Day,Standard,62.675,3.5741,,5569.87,244.98,67.64,1,1
M-201280,Fan,Process-B,Night,Standard,72.164,1.9479,7.229,4701.7,47.4,78.224,2,0
M-201281,Pump,Packaging,Day,Standard,67.657,,4.865,1978.26,52.87,78.007,3,0
M-201282,Compressor,Storage,Day,Standard,48.533,1.5506,6.574,4087.81,89.04,70.788,1,0
M-201283,Motor,Utilities,,Enhanced,76.923,2.8044,5.56,5868.22,101.46,77.514,1,0
M-201284,Compressor,Storage,Evening,Minimal,69.448,0.6666,6.95,6520.52,,61.353,1,0
M-201285,Pump,Process-B,Evening,Standard,80.119,1.2061,6.849,6367.61,24.44,81.141,1,0
M-201286,Motor,Process-B,Night,Standard,73.146,2.9803,6.736,8300.09,146.54,75.792,1,1
M-201287,Motor,Process-B,Day,Minimal,,,,5794.33,,68.392,2,0
M-201288,Pump,Process-A,Day,Minimal,51.799,0.8995,5.929,2853.07,118.82,58.69,0,0
M-201289,Compressor,Process-B,Day,Standard,59.27,1.2287,6.751,6127.91,77.95,59.724,0,0
M-201290,Pump,,Night,Standard,55.775,1.7287,7.071,1177.57,63.88,56.555,1,0
M-201291,Pump,Process-B,Evening,Standard,56.298,1.0878,7.666,614.03,68.4,82.062,2,0
M-201292,Motor,,Day,Minimal,61.152,2.8823,5.556,5084.22,99.47,,3,0
M-201293,Compressor,Packaging,Day,,61.907,0.7614,6.223,4637.68,35.02,94.005,5,0
M-201294,Fan,Process-A,Day,Standard,90.912,2.0398,7.048,4493.52,57.74,99.03,2,0
M-201295,Fan,Utilities,Evening,Standard,78.204,0.721,7.324,,53.18,75.993,0,0
M-201296,,Process-B,Day,Standard,61.343,1.6879,,2114.09,103.9,78.178,1,0
M-201297,Pump,Process-A,Evening,Standard,63.028,2.5308,6.338,4373.8,136.84,,0,0
M-201298,Pump,Utilities,Evening,Enhanced,59.628,2.2702,4.661,2685.58,45.28,64.771,2,0
M-201299,Compressor,Utilities,Night,Standard,82.357,0.9668,5.437,9841.85,,100.804,2,0
M-201300,Motor,Packaging,,,52.343,,6.899,2911.76,64.92,53.372,4,0
M-201301,Pump,Process-A,Day,,78.449,1.1763,6.052,2612.92,93.85,54.683,3,0
M-201302,Fan,Process-B,Evening,Standard,66.15,1.9242,6.139,6081.3,60.44,29.903,3,0
M-201303,Pump,Process-A,Day,Enhanced,62.414,3.449,,7018.78,,59.953,1,1
M-201304,Motor,Process-A,Night,Standard,65.552,2.1378,8.513,2032.14,49.89,63.541,2,0
M-201305,Fan,Process-B,Night,Standard,66.101,1.3571,9.171,1857.95,63.67,62.979,,0
M-201306,Motor,Utilities,Evening,Enhanced,64.952,3.1083,4.014,7693.99,85.98,99.406,2,0
M-201307,Motor,,Night,Standard,58.362,,5.856,2417.08,92.2,81.472,2,0
M-201308,Motor,Packaging,Day,Enhanced,50.469,2.3836,7.085,12775.29,34.26,108.873,3,0
M-201309,,Process-B,Night,Standard,63.831,2.2701,5.811,6528.55,129.36,57.584,0,0
M-201310,Compressor,Utilities,Evening,Enhanced,58.35,,7.44,4273.59,29.7,100.605,0,0
M-201311,Pump,Storage,Evening,Standard,72.357,1.0231,10.019,5108.96,23.94,86.294,1,0
M-201312,Fan,Process-A,Day,Standard,74.947,4.0737,5.946,4943.24,26.27,61.806,2,0
M-201313,Compressor,Utilities,Day,Standard,74.823,2.2529,8.464,10145.55,184.32,81.185,3,1
M-201314,,Utilities,Day,Enhanced,61.658,1.5118,6.6,8182.87,158.83,93.718,0,0
M-201315,Compressor,Process-A,Night,Standard,71.715,1.6166,4.566,6542.7,94.76,61.658,2,0
M-201316,Pump,Process-A,Evening,Minimal,66.008,3.7452,6.016,3949.05,136.1,,1,0
M-201317,Pump,Packaging,Evening,Standard,,1.6022,,8676.96,115.88,85.601,0,0
M-201318,Compressor,Process-B,Day,Standard,81.079,3.5295,7.086,2422.23,,94.171,2,1
M-201319,Fan,,Evening,Standard,64.981,2.4695,5.87,2003.52,88.04,75.611,1,0
M-201320,Pump,Process-A,Day,Enhanced,64.222,1.1751,6.006,4410.17,75.24,59.097,0,0
M-201321,Motor,Utilities,Day,Enhanced,57.981,1.3285,3.904,1727.57,58.16,78.438,1,0
M-201322,Motor,Process-A,Day,Enhanced,86.233,,7.59,2215.29,123.12,88.618,1,0
M-201323,Fan,Process-A,Night,Enhanced,80.883,2.126,6.348,9770.21,128.86,59.421,2,0
M-201324,Compressor,Process-A,Evening,Standard,53.849,,6.744,7400.94,84.07,,2,0
M-201325,Fan,Packaging,,Standard,69.85,3.3744,,1328.02,,42.825,0,0
M-201326,Pump,Process-A,Day,Enhanced,64.987,2.1887,7.299,4936.13,,,1,0
M-201327,Fan,Process-B,Day,Enhanced,63.884,1.1492,7.869,1793.98,175.57,67.321,0,0
M-201328,Motor,Process-B,Evening,Standard,66.924,1.3958,6.923,4095.13,22.83,80.277,2,0
M-201329,Pump,Process-B,Night,Standard,57.721,1.3711,6.818,1792.1,165.71,57.562,3,0
M-201330,Motor,Process-A,Night,Standard,62.276,3.043,5.892,9301.77,65.22,63.294,2,1
M-201331,Compressor,Utilities,Day,Standard,66.18,2.5662,8.217,3630.35,19.7,65.302,1,0
M-201332,Motor,Process-A,Day,Standard,59.334,0.8371,7.489,6861.36,107.89,87.742,1,0
M-201333,Compressor,Packaging,Day,Standard,59.542,2.1524,7.595,8323.88,176.45,,3,0
M-201334,,,Day,Minimal,81.024,1.9911,5.595,7543.93,,92.004,0,0
M-201335,Motor,Utilities,Day,Standard,76.558,1.1928,10.106,3103.38,85.66,58.575,4,1
M-201336,Compressor,Process-B,Evening,Standard,74.629,0.9791,6.783,1765.22,78.56,49.98,1,0
M-201337,Fan,Process-B,Day,Standard,72.428,1.8637,7.69,,65.47,45.532,0,0
M-201338,Fan,Process-A,Day,Minimal,70.399,1.3835,8.071,4292.65,52.94,80.334,0,0
M-201339,,Utilities,Night,Enhanced,72.196,1.9128,4.857,5787.87,,77.68,3,0
M-201340,Motor,Utilities,Evening,Standard,78.168,1.0702,6.528,863.16,37.48,110.0,2,0
M-201341,Motor,,Night,Minimal,74.47,2.2774,7.347,6707.45,25.65,46.344,2,0
M-201342,Compressor,Process-A,Day,Standard,80.254,1.6075,8.233,880.72,41.09,65.268,1,0
M-201343,Motor,Storage,Night,Standard,,1.7912,7.21,6082.09,104.3,55.344,0,0
M-201344,Compressor,Storage,Evening,Standard,70.127,2.119,9.143,1595.59,65.81,53.114,2,0
M-201345,Fan,Utilities,Day,Standard,66.781,,9.189,2359.24,50.41,32.999,4,0
M-201346,Pump,Storage,Day,Standard,63.038,,7.985,1923.33,137.22,65.962,0,0
M-201347,Compressor,Utilities,Evening,Standard,70.194,0.9711,6.546,14444.44,109.17,71.675,3,0
M-201348,Motor,Packaging,Day,Standard,63.619,2.7073,5.124,7873.2,30.99,66.604,1,1
M-201349,Pump,Utilities,Evening,Standard,,1.7913,7.28,3599.86,64.82,68.337,3,0
M-201350,Motor,Process-A,Night,Minimal,74.201,4.3811,4.538,1682.88,55.54,55.916,3,0
M-201351,Compressor,Process-A,Day,Enhanced,83.632,0.7558,6.224,4633.38,119.83,67.364,2,0
M-201352,Compressor,Process-A,Night,Standard,55.545,1.4294,4.642,7700.29,62.42,98.995,5,1
M-201353,Compressor,Process-B,Evening,Enhanced,69.45,2.1359,,610.01,,54.623,0,0
M-201354,Fan,Process-B,Evening,Enhanced,76.711,2.4265,6.888,7303.11,99.91,54.247,,0
M-201355,Motor,Process-B,Day,Enhanced,76.976,,6.174,1728.75,5.08,92.573,1,0
M-201356,Motor,Storage,Evening,Standard,54.225,1.5147,9.159,2871.0,38.5,70.423,2,0
M-201357,Motor,Packaging,Evening,Enhanced,64.602,,6.439,3647.19,26.0,87.001,0,0
M-201358,Compressor,Process-A,Evening,Standard,63.137,1.647,7.85,2966.3,116.19,68.337,2,0
M-201359,Compressor,Process-B,Evening,Standard,71.877,2.5901,6.821,2017.32,51.18,47.812,2,0
M-201360,Compressor,Process-A,Day,Minimal,66.916,1.7116,2.281,1489.27,33.56,71.495,1,0
M-201361,,Process-B,Evening,Enhanced,80.58,1.0845,4.968,3106.59,128.86,61.158,3,0
M-201362,Motor,Process-B,Evening,Standard,89.398,3.4944,6.262,4896.7,90.19,64.297,1,0
M-201363,Motor,Process-B,Day,Minimal,70.18,,8.029,5745.85,85.87,73.904,1,0
M-201364,Pump,Storage,Night,Standard,62.228,,6.609,3147.87,19.24,64.03,1,0
M-201365,Compressor,Packaging,Night,Standard,63.809,3.4228,6.643,4601.41,27.61,49.302,2,0
M-201366,Pump,Process-A,Night,Standard,60.47,2.3548,6.168,13452.59,36.62,73.464,3,0
M-201367,Pump,Packaging,Day,Standard,75.512,1.5928,6.322,10309.77,118.56,64.975,1,0
M-201368,Motor,Process-A,Day,Standard,72.449,0.8721,5.25,6796.3,129.88,89.515,0,0
M-201369,Pump,Process-A,Day,Standard,75.99,1.4531,8.353,4725.63,103.28,77.406,,0
M-201370,Pump,Process-A,Day,Standard,84.97,1.5959,5.695,3516.79,218.59,74.452,0,1
M-201371,Fan,Packaging,Day,Standard,85.777,1.8411,6.576,11903.54,40.01,77.973,0,0
M-201372,Compressor,Process-B,,Enhanced,81.862,2.6246,3.585,14557.33,71.01,78.672,0,0
M-201373,Motor,Utilities,Evening,Standard,77.83,1.1391,8.831,3684.58,79.68,80.717,0,0
M-201374,Motor,Packaging,Day,Minimal,66.461,1.7707,7.738,1438.93,50.1,80.544,2,0
M-201375,Compressor,Process-A,Evening,,77.888,0.9096,5.85,3471.93,120.07,73.879,1,0
M-201376,Fan,Storage,Evening,Standard,65.352,1.1017,4.716,7248.05,117.76,63.003,2,0
M-201377,Pump,Packaging,Evening,Minimal,80.828,1.7111,7.567,6197.75,56.01,75.323,3,0
M-201378,Motor,Packaging,Day,Minimal,77.56,1.287,6.3,5204.28,54.11,79.615,1,0
M-201379,Compressor,Process-B,Night,Standard,83.715,1.6165,7.178,2000.94,110.31,,1,1
M-201380,Motor,Process-B,Night,Standard,65.237,2.353,6.409,11658.54,27.22,82.5,2,0
M-201381,Motor,Process-B,Night,Minimal,73.698,1.3832,6.52,6700.98,55.08,52.437,1,0
M-201382,Motor,Utilities,Day,Standard,66.021,2.4611,6.425,5036.4,91.47,,1,0
M-201383,Compressor,Process-B,Day,Minimal,69.478,,7.871,5847.65,29.71,64.829,1,0
M-201384,Pump,Process-B,Day,Standard,64.536,0.9029,9.039,4674.33,37.14,86.989,1,0
M-201385,Fan,Packaging,Day,Enhanced,53.882,1.3083,5.894,5137.54,51.1,47.899,2,0
M-201386,Motor,Process-B,Day,,62.903,1.1665,7.823,8008.2,62.73,87.529,0,0
M-201387,Motor,Utilities,Evening,Standard,77.055,1.4323,9.146,2763.18,,70.863,2,0
M-201388,Compressor,Process-A,Night,Standard,65.546,2.5807,7.482,6897.95,22.64,73.168,1,0
M-201389,Compressor,Packaging,,Standard,63.434,2.3123,7.448,5991.53,34.42,67.061,3,0
M-201390,Motor,Utilities,Day,Enhanced,83.4,1.3459,4.851,1842.18,101.52,72.721,,0
M-201391,Fan,Storage,Night,Standard,,2.5212,4.978,1661.63,93.41,66.941,0,0
M-201392,Pump,Utilities,Evening,Standard,67.479,2.5229,6.674,2824.24,120.94,40.948,2,0
M-201393,Compressor,Process-A,Night,Enhanced,62.015,3.5958,7.729,8205.53,75.35,68.728,0,0
M-201394,Compressor,,Day,Minimal,71.546,1.1569,5.766,5321.16,106.7,62.439,2,0
M-201395,Motor,Process-A,Evening,Standard,68.651,2.5964,6.208,5616.3,90.56,69.016,1,0
M-201396,Fan,Process-A,Day,,71.386,0.8575,5.919,,103.05,73.024,0,0
M-201397,Fan,Process-B,Day,Standard,62.442,2.4779,6.228,2250.23,22.01,86.113,0,0
M-201398,Motor,Process-A,Night,Standard,66.292,3.9416,6.231,8061.66,87.21,57.501,3,0
M-201399,Fan,Process-B,Evening,Standard,73.235,1.3518,6.399,3620.56,26.57,,0,0
M-201400,Motor,Process-A,Night,Minimal,48.469,2.5935,3.015,2185.62,37.59,54.475,2,0
M-201401,Fan,Process-A,Night,Enhanced,81.549,1.898,9.291,7441.4,,96.629,2,0
M-201402,Pump,Packaging,Night,Standard,64.847,2.4087,5.774,6387.71,106.21,65.119,0,0
M-201403,Pump,Utilities,Evening,Standard,67.275,2.0265,6.598,6112.92,75.92,42.923,2,0
M-201404,Fan,,Night,Enhanced,60.561,0.5971,5.469,5976.26,,52.634,3,0
M-201405,Motor,Process-A,Night,Standard,68.196,1.4399,8.913,1764.91,18.95,58.774,0,0
M-201406,Fan,Utilities,Night,Standard,68.429,1.6564,5.991,10506.11,135.82,52.231,1,0
M-201407,Motor,Utilities,Day,Standard,72.031,2.0101,4.887,15738.36,47.96,71.802,,0
M-201408,Motor,Utilities,Evening,Minimal,57.364,2.182,7.619,1793.04,38.22,86.283,3,0
M-201409,Fan,Process-A,Day,Minimal,60.618,2.4822,10.522,4578.24,170.31,67.412,4,0
M-201410,Pump,Process-A,Day,Standard,69.665,2.5246,8.508,4020.8,92.76,73.036,1,0
M-201411,Compressor,Process-B,Day,Minimal,63.59,1.862,8.533,4211.27,61.92,93.179,3,0
M-201412,Fan,Utilities,Day,Standard,64.783,1.6597,4.769,2348.05,139.68,63.93,1,0
M-201413,Fan,Packaging,Night,Standard,53.326,2.3652,6.479,2336.97,45.22,87.123,3,0
M-201414,Motor,Process-A,Day,Standard,56.755,0.4714,7.733,5051.15,11.65,42.829,0,0
M-201415,Compressor,Utilities,Evening,Enhanced,83.726,1.9721,9.12,1069.38,,95.402,2,0
M-201416,Motor,Process-B,Night,Minimal,70.23,1.0426,8.571,4731.78,48.12,86.485,1,0
M-201417,Compressor,Utilities,Night,,63.111,1.9405,5.207,3613.16,58.61,73.452,1,0
M-201418,Motor,,Night,Enhanced,83.38,1.4887,7.48,7539.78,365.0,89.49,2,1
M-201419,Motor,Packaging,Evening,Standard,73.098,1.2348,7.11,3832.11,,60.865,2,0
M-201420,Motor,Process-B,Day,Standard,56.139,4.3671,6.024,6178.4,99.69,57.079,1,0
M-201421,Motor,Packaging,Night,Standard,38.205,1.1634,7.789,3268.15,91.14,64.097,2,0
M-201422,Motor,Utilities,Day,Minimal,63.213,1.9554,,14901.39,19.28,101.156,1,0
M-201423,Pump,Utilities,Night,Enhanced,74.576,1.5107,6.844,3335.31,46.32,83.446,1,0
M-201424,Motor,Storage,Night,Standard,75.306,1.8787,6.378,4826.3,30.38,,0,0
M-201425,Motor,Process-A,Evening,Standard,55.537,2.09,6.465,5654.83,139.09,84.514,3,0
M-201426,Compressor,Process-B,Day,Standard,70.632,3.5792,8.746,6123.7,105.34,59.25,0,0
M-201427,Motor,Packaging,Day,Standard,65.589,1.6901,5.392,4228.62,234.16,,2,0
M-201428,Compressor,Storage,Day,Standard,72.388,1.3301,4.086,,47.87,63.638,0,0
M-201429,Motor,Process-A,Day,Enhanced,,4.4733,6.016,10297.95,107.42,64.73,,0
M-201430,Motor,,Night,Standard,74.634,1.025,8.835,9837.22,10.56,106.408,1,0
M-201431,Motor,Process-B,Evening,Enhanced,73.216,5.2653,6.593,5261.65,226.39,99.952,1,1
M-201432,Pump,,Evening,Standard,66.588,2.0089,5.659,10004.78,62.06,54.466,3,0
M-201433,Fan,Process-B,Day,Enhanced,72.851,1.2899,6.247,9762.95,51.65,48.167,1,0
M-201434,Fan,,Day,Standard,64.518,,5.295,1852.93,234.74,84.283,1,0
M-201435,Compressor,Process-A,Evening,Enhanced,71.313,1.5726,7.218,3513.41,73.87,61.148,3,0
M-201436,Fan,Process-A,Day,Standard,61.062,3.1316,8.724,3355.04,50.72,,3,0
M-201437,Motor,Process-B,Day,Standard,74.923,1.3509,4.943,1853.32,110.5,59.747,4,0
M-201438,Fan,Process-B,Day,Standard,,0.7311,4.909,4308.57,53.11,101.848,2,0
M-201439,Motor,Process-A,Day,Standard,47.01,5.3136,8.625,9469.21,32.99,49.646,4,1
M-201440,Compressor,Process-A,Night,Standard,73.137,0.9977,4.761,3556.96,55.47,63.682,0,0
M-201441,Pump,Storage,Evening,Enhanced,60.822,1.4541,7.586,8590.02,46.17,65.101,1,0
M-201442,Motor,Utilities,Evening,Standard,44.107,2.0624,6.924,2469.21,107.55,,1,0
M-201443,Pump,Process-B,Day,Standard,58.817,1.7881,,1429.94,35.72,70.456,1,0
M-201444,Motor,Packaging,Day,Standard,75.866,1.6326,5.522,2886.33,59.0,77.179,0,0
M-201445,,Utilities,Night,Enhanced,56.142,1.7354,6.105,4368.12,,72.642,2,0
M-201446,Motor,Process-A,Night,Standard,75.879,1.3732,,4292.23,,72.031,1,0
M-201447,Compressor,Utilities,Day,Standard,52.585,3.0648,,1349.44,134.22,73.831,0,0
M-201448,Motor,Process-B,Night,Standard,63.494,1.4355,9.022,782.33,,69.942,1,0
M-201449,Compressor,Storage,Day,Minimal,77.996,,5.55,5248.29,111.14,49.946,1,0
M-201450,Fan,Process-A,Day,Standard,57.578,0.6727,7.631,10891.79,20.15,56.122,1,0
M-201451,Compressor,Utilities,Day,Standard,55.702,0.792,6.674,2714.99,54.08,60.748,0,0
M-201452,Motor,Process-B,Day,Minimal,58.138,2.4292,6.845,,95.99,62.007,2,0
M-201453,Pump,Utilities,Night,,84.28,2.8291,6.407,4106.48,85.37,66.223,1,0
M-201454,Motor,Storage,Day,Standard,66.428,1.281,6.137,5462.65,119.3,72.004,1,0
M-201455,Compressor,Storage,Day,Standard,59.338,1.5394,8.34,855.34,53.05,79.468,3,0
M-201456,Pump,Packaging,Day,Standard,75.189,1.8599,6.544,4465.53,63.18,72.281,3,0
M-201457,Compressor,,Day,Standard,65.778,0.8362,6.4,3703.34,128.14,56.042,0,0
M-201458,Fan,Process-A,Day,Minimal,,2.2247,6.538,18000.0,26.56,88.757,1,0
M-201459,Motor,Process-B,Day,Standard,74.385,1.9687,6.962,3370.9,,91.408,0,0
M-201460,Compressor,Packaging,Evening,Standard,67.789,4.7908,3.81,3610.26,39.06,86.268,0,1
M-201461,Compressor,,Day,Enhanced,61.027,2.0589,10.256,1907.44,27.21,65.495,3,0
M-201462,Motor,Utilities,Day,Standard,55.552,3.1222,6.577,3911.51,72.79,59.752,2,0
M-201463,Fan,Process-A,Evening,Standard,65.357,3.6424,4.715,,28.71,98.581,3,0
M-201464,Motor,Storage,Night,Standard,73.986,1.3454,4.044,1549.81,96.15,52.943,0,0
M-201465,Fan,Process-A,Day,Enhanced,56.592,1.7884,4.612,7846.06,86.58,94.882,0,0
M-201466,Pump,Process-A,Evening,Standard,,2.7658,8.628,1687.31,48.74,78.32,2,0
M-201467,Pump,Process-B,Evening,Enhanced,75.362,1.6954,6.361,1234.94,81.23,86.347,2,0
M-201468,Compressor,Utilities,Night,Standard,56.865,4.4579,5.142,1956.66,57.09,94.353,2,0
M-201469,Motor,Utilities,Night,Standard,73.816,1.4179,10.453,3552.94,,39.095,2,0
M-201470,Pump,Packaging,Day,Standard,66.136,4.0451,8.129,8042.89,176.42,60.754,1,0
M-201471,Pump,Process-B,Night,Enhanced,73.64,,,3868.45,98.91,,3,1
M-201472,Pump,Process-B,Evening,Standard,74.954,1.0957,7.46,6201.2,29.89,84.887,0,0
M-201473,Motor,Storage,,Enhanced,63.608,1.4804,,4359.08,108.57,66.721,2,0
M-201474,Motor,Process-B,Evening,,64.602,1.0751,8.812,5338.71,106.84,90.856,1,0
M-201475,,Process-B,Day,Standard,59.114,1.6157,2.363,3134.24,28.56,85.473,0,0
M-201476,Pump,,Evening,Enhanced,73.817,4.3187,,8860.37,11.66,83.645,2,0
M-201477,Fan,Utilities,Day,,88.268,,6.961,5543.3,58.24,66.738,3,0
M-201478,Motor,Process-A,Evening,Standard,66.448,3.3402,5.54,8746.31,71.13,41.905,0,0
M-201479,Compressor,Process-B,Day,Enhanced,68.585,2.826,2.299,6268.93,28.43,67.569,0,0
M-201480,,Packaging,Night,Enhanced,56.164,1.5169,7.303,17521.25,121.74,58.814,3,0
M-201481,Pump,Process-A,Night,,68.621,2.6099,4.406,2679.69,25.95,70.633,1,0
M-201482,Motor,Packaging,Evening,Enhanced,63.321,2.4631,4.081,4873.88,70.72,51.586,2,0
M-201483,Pump,Storage,Day,Enhanced,58.552,2.9426,7.323,,18.01,69.986,1,0
M-201484,Pump,Process-B,Day,Standard,64.002,2.2207,7.523,3217.29,175.7,46.245,2,0
M-201485,Fan,Process-B,Day,Enhanced,78.66,2.3269,6.702,2920.57,30.42,72.964,3,0
M-201486,Motor,Process-A,Day,Standard,,2.1767,7.208,7043.45,121.86,83.657,4,0
M-201487,Compressor,Process-B,Night,Standard,60.295,3.7789,6.407,6838.92,75.08,68.981,1,0
M-201488,Compressor,Process-A,Evening,Standard,,3.278,6.609,6511.54,88.43,79.492,2,0
M-201489,Pump,Packaging,Day,Enhanced,77.715,2.4315,6.844,6861.17,109.88,84.25,0,0
M-201490,Pump,Storage,Day,Standard,59.238,1.2746,,1884.71,65.63,84.742,2,0
M-201491,Motor,Process-A,Night,Standard,53.087,,7.498,8428.65,23.29,77.946,2,0
M-201492,Pump,Utilities,Day,Standard,72.426,1.9137,,7218.22,50.66,75.848,1,0
M-201493,Motor,Process-B,Night,Enhanced,66.848,0.9362,7.283,5572.62,,102.072,1,0
M-201494,Pump,Utilities,Day,Enhanced,76.309,1.1079,5.066,5949.77,223.09,51.755,1,0
M-201495,Pump,Utilities,Night,Standard,76.04,1.1589,3.978,3019.5,71.63,49.682,3,0
M-201496,Fan,Process-B,Day,Standard,69.489,4.1659,4.909,1908.46,94.94,62.453,1,0
M-201497,Fan,Storage,Night,Enhanced,75.014,4.2808,6.942,5108.14,63.19,79.957,2,0
M-201498,Pump,,Day,Minimal,67.351,1.6466,8.148,2080.52,53.46,72.572,3,0
M-201499,Fan,Utilities,Day,Standard,63.339,1.7181,5.995,5664.96,,86.116,5,0
M-201500,Pump,Utilities,Day,Standard,66.807,2.2859,5.04,,44.28,64.304,2,0
M-201501,Fan,Process-B,Night,Standard,89.796,5.3155,6.666,4211.59,125.77,57.706,2,1
M-201502,Motor,Packaging,Night,Standard,,1.7944,6.201,5255.91,197.52,40.272,1,0
M-201503,Motor,Utilities,Day,Enhanced,64.261,3.2836,7.774,5886.16,54.63,59.404,2,0
M-201504,Compressor,,Night,Standard,79.922,,4.467,10342.11,17.9,,3,0
M-201505,Motor,Utilities,Day,Standard,69.168,3.1852,,5672.19,134.91,78.366,0,0
M-201506,Pump,Process-B,Day,Standard,74.148,0.7638,7.327,3622.38,117.64,,0,0
M-201507,Compressor,Process-A,Day,Standard,62.511,,4.656,6966.77,44.41,67.066,1,0
M-201508,Pump,Process-A,Evening,Standard,58.377,1.5379,7.961,8219.24,39.66,40.876,,0
M-201509,Compressor,,Night,Standard,64.154,3.6201,,5700.33,44.83,68.308,0,0
M-201510,Motor,Utilities,Evening,Enhanced,60.055,,5.153,3652.38,62.22,46.721,1,0
M-201511,Pump,Packaging,Night,Minimal,61.769,0.7389,4.956,3413.19,85.45,84.69,0,0
M-201512,Pump,Process-B,Day,Enhanced,53.524,,6.402,2485.48,181.56,101.75,1,0
M-201513,Pump,Process-B,Day,,61.007,,6.846,2908.11,79.72,70.112,1,0
M-201514,Pump,Utilities,Evening,Minimal,,1.8594,8.316,5870.82,65.1,94.007,2,0
M-201515,Fan,Process-B,Day,Standard,58.575,0.8548,6.732,2319.85,40.26,81.83,0,0
M-201516,Pump,Process-B,Night,,84.143,1.0338,4.43,6489.38,179.0,88.007,1,1
M-201517,Motor,Process-B,Night,Enhanced,58.947,2.3106,7.816,3586.46,45.35,68.416,3,0
M-201518,Fan,Packaging,Night,Minimal,68.565,2.3592,6.112,2090.94,97.47,91.08,0,0
M-201519,Compressor,Process-B,Evening,Enhanced,,,7.629,4098.31,90.84,60.049,1,0
M-201520,,Utilities,Day,Enhanced,62.426,1.2618,3.535,3784.6,163.68,74.215,0,0
M-201521,Pump,Utilities,Day,Standard,70.299,4.3839,6.811,8501.12,117.99,55.326,1,0
M-201522,Pump,Utilities,Day,Standard,,0.9112,4.968,1038.46,75.89,74.728,0,0
M-201523,Motor,Packaging,Day,Standard,77.136,1.4967,6.574,6137.22,147.84,80.653,1,0
M-201524,Compressor,Storage,Day,Minimal,,4.2304,5.098,4081.64,142.9,85.866,2,0
M-201525,Pump,Process-A,Evening,Standard,78.8,0.9378,8.626,5026.32,129.59,75.037,0,1
M-201526,Motor,,Night,Standard,62.228,0.7631,5.815,2092.91,51.94,88.603,0,0
M-201527,Compressor,Utilities,Day,Enhanced,57.642,0.9179,7.474,,49.34,75.316,2,0
M-201528,Compressor,Process-A,Day,Standard,85.257,1.0022,7.202,3858.1,51.53,110.0,1,1
M-201529,Motor,Utilities,Day,Minimal,61.491,1.781,8.214,1977.66,147.74,48.759,2,0
M-201530,Pump,Packaging,Night,Enhanced,,2.9147,8.103,2735.48,86.55,70.003,3,0
M-201531,Compressor,Utilities,Evening,Enhanced,66.287,0.9103,4.887,6792.6,64.39,48.541,1,0
M-201532,Pump,Process-A,Night,Standard,65.18,1.034,5.634,5648.0,71.25,84.578,1,0
M-201533,Fan,Process-B,Night,Standard,54.648,2.5038,,4917.22,111.96,81.252,,1
M-201534,Compressor,Packaging,Day,Minimal,77.193,2.2501,4.246,8577.51,62.99,60.532,1,0
M-201535,Pump,,Day,Minimal,55.03,2.7761,5.824,2077.32,132.5,56.414,4,0
M-201536,Motor,Packaging,Evening,Minimal,61.076,1.3208,7.575,7871.04,38.71,23.586,1,0
M-201537,Compressor,,Day,Enhanced,59.946,1.4673,5.639,1403.98,59.94,49.101,2,0
M-201538,Motor,Packaging,Night,Standard,56.999,2.8291,,4259.51,94.82,91.359,1,0
M-201539,Motor,Process-B,Day,Standard,67.715,0.5604,5.309,8875.21,31.8,49.823,4,0
M-201540,Pump,Utilities,Day,Standard,85.095,1.3417,6.418,3746.23,59.12,77.308,0,0
M-201541,Motor,Utilities,Day,,78.702,1.3959,5.347,,159.13,88.864,3,0
M-201542,Compressor,Process-A,Day,Enhanced,66.67,2.6547,6.09,8667.43,63.66,74.582,1,0
M-201543,Fan,Storage,Day,Standard,56.318,1.6313,8.287,2651.3,,56.718,2,0
M-201544,Motor,Storage,Evening,Minimal,88.478,3.9204,4.796,4583.72,262.7,77.542,1,1
M-201545,Compressor,Packaging,Day,Standard,80.483,1.8122,7.102,5127.25,136.55,52.537,5,0
M-201546,Pump,,Night,Enhanced,63.652,1.9977,8.982,1907.45,68.59,62.427,2,0
M-201547,Motor,Process-B,Day,Standard,78.314,0.9705,8.662,11137.77,,92.803,2,1
M-201548,Motor,Utilities,Day,Standard,59.566,1.4122,6.842,3983.18,17.22,76.686,0,0
M-201549,Motor,Process-B,Night,Minimal,74.876,1.309,8.268,12367.74,235.8,,3,1
M-201550,Fan,Process-A,Evening,Minimal,63.398,0.8739,,3707.11,39.83,92.927,0,0
M-201551,Compressor,Process-B,Day,Minimal,84.91,2.4359,,3568.1,34.39,84.646,1,0
M-201552,Pump,Process-A,Evening,Enhanced,78.039,1.7306,5.952,5347.48,110.96,58.649,0,0
M-201553,Fan,Utilities,Day,Enhanced,,4.472,7.263,1483.28,176.92,101.424,3,1
M-201554,Fan,Utilities,Evening,Enhanced,83.602,2.0252,5.384,9314.51,91.14,62.635,1,0
M-201555,Compressor,Packaging,Night,Minimal,73.481,1.3061,8.094,2769.09,141.73,92.838,6,0
M-201556,,Packaging,Night,Minimal,67.425,0.9498,8.053,12786.19,213.81,89.892,3,1
M-201557,Motor,Utilities,Evening,Standard,51.319,1.7012,5.936,4452.31,101.45,99.59,1,0
M-201558,Motor,Utilities,Night,Minimal,78.815,2.4386,8.928,10904.61,69.1,80.56,1,0
M-201559,Motor,Packaging,Evening,Minimal,52.761,3.2059,5.448,9403.16,130.8,77.147,2,0
M-201560,Fan,Process-A,Evening,Enhanced,77.112,4.1457,6.965,6841.09,11.13,87.231,2,0
M-201561,Fan,,Day,Standard,61.268,1.0991,5.774,4425.5,41.59,83.183,2,0
M-201562,Motor,Utilities,Evening,Standard,58.877,1.2252,7.477,6354.08,113.69,69.408,3,0
M-201563,Motor,Utilities,Day,Minimal,72.067,1.4878,5.678,10854.5,,80.081,0,0
M-201564,Compressor,Process-B,Night,Minimal,60.685,2.6236,6.248,2882.56,84.95,,4,1
M-201565,Compressor,Packaging,Evening,Minimal,,2.1972,6.795,3717.37,,71.204,0,0
M-201566,Motor,Process-B,Day,Standard,79.346,0.9857,8.823,7676.61,15.85,,3,0
M-201567,,Process-B,Night,Standard,72.23,1.8092,5.536,6953.07,4.18,61.702,0,0
M-201568,Pump,Process-A,Night,Enhanced,,4.9541,8.41,2241.16,179.43,65.051,2,0
M-201569,Fan,Process-A,Evening,Standard,84.691,1.4179,9.488,3519.41,87.29,75.758,0,0
M-201570,Compressor,Process-A,Day,Standard,64.303,1.1024,6.407,8001.14,82.44,88.64,2,0
M-201571,Pump,Process-A,Evening,Standard,59.856,0.7325,6.914,10403.55,50.37,71.517,2,0
M-201572,Pump,Process-A,Day,Enhanced,64.992,1.803,4.972,5420.54,63.24,66.404,0,0
M-201573,Pump,Process-B,Evening,Enhanced,67.972,1.1516,5.414,11233.15,75.79,59.704,2,0
M-201574,Fan,Process-A,Day,,75.772,,6.557,6407.79,198.7,64.843,1,1
M-201575,Compressor,Process-A,Day,Standard,76.248,3.6228,5.686,4547.08,181.09,89.275,1,1
M-201576,Compressor,Process-B,Night,Standard,83.616,,6.794,1330.39,251.2,72.729,0,0
M-201577,Pump,Utilities,Day,Enhanced,63.65,1.4474,5.198,10747.59,,72.702,1,0
M-201578,Motor,Process-A,Night,Enhanced,,2.8368,6.971,4258.82,198.58,,2,0
M-201579,,Storage,Evening,Minimal,71.586,,5.534,3438.61,59.26,62.101,1,0
M-201580,Motor,Process-A,Evening,,70.196,2.5141,5.064,2428.01,41.31,72.639,0,0
M-201581,Motor,Process-B,Evening,Minimal,87.838,1.3171,6.2,7716.32,108.78,77.927,1,0
M-201582,Motor,Process-A,Evening,Enhanced,59.3,1.514,4.984,,177.88,82.949,3,1
M-201583,,Packaging,Day,Minimal,64.04,1.584,4.774,7367.56,12.5,89.47,0,0
M-201584,Pump,Process-B,Day,Standard,76.291,2.0001,5.192,6464.91,164.0,86.546,3,0
M-201585,Compressor,Process-B,Night,Minimal,53.427,3.5447,5.426,7072.82,31.87,76.915,,0
M-201586,Pump,,Evening,Standard,57.848,0.5931,5.032,8277.58,125.92,68.322,0,0
M-201587,,Process-A,Day,Standard,,2.1982,6.663,8908.14,112.69,88.206,4,0
M-201588,,Packaging,Night,Enhanced,52.44,1.3323,6.522,11371.39,127.46,89.252,0,0
M-201589,Pump,Utilities,Day,Standard,74.624,,6.771,5614.4,70.72,71.588,1,0
M-201590,Compressor,Process-B,Night,Standard,85.668,2.3465,7.501,7852.64,226.69,68.47,0,0
M-201591,Motor,Utilities,Day,Standard,68.187,1.8681,5.211,3291.72,55.2,67.804,4,0
M-201592,Fan,Process-A,Day,Minimal,69.524,2.4457,7.285,4583.98,130.73,60.519,5,0
M-201593,Pump,Utilities,Evening,Standard,69.526,2.5002,5.952,5720.88,87.92,51.873,2,0
M-201594,Fan,Packaging,Evening,Standard,47.421,2.121,6.028,1961.31,,71.306,3,0
M-201595,Pump,Process-A,Evening,Minimal,58.551,1.5012,7.314,5277.37,144.3,,1,0
M-201596,Pump,Utilities,Day,Standard,66.532,2.3512,5.106,5649.14,150.91,81.685,1,1
M-201597,Pump,Process-A,Night,Standard,68.125,2.8044,6.081,2594.79,66.05,76.633,1,0
M-201598,Pump,Packaging,Day,Standard,71.916,1.9868,7.719,1810.53,12.1,64.726,0,0
M-201599,,Process-B,Night,Minimal,62.725,2.3077,7.589,9973.81,77.77,74.762,4,0
M-201600,Motor,Packaging,Night,Standard,57.637,1.8656,5.494,3603.35,47.07,63.029,2,0
M-201601,Motor,Process-B,Night,Enhanced,66.895,0.8886,3.347,6142.25,156.58,86.681,3,1
M-201602,,Process-A,Day,Enhanced,74.509,3.1586,6.642,9896.42,199.54,89.326,,1
M-201603,Motor,Storage,Evening,Minimal,,1.3556,6.466,8181.36,89.01,67.921,0,1
M-201604,Motor,Storage,Night,Enhanced,75.368,1.3884,7.097,13155.56,27.62,77.403,1,0
M-201605,Compressor,Process-B,Day,Enhanced,71.975,5.5252,5.31,8690.89,45.82,83.25,1,1
M-201606,Pump,Process-A,Day,Standard,73.237,1.3109,7.874,2512.65,65.74,76.281,1,0
M-201607,,Process-A,Day,Standard,76.27,4.6426,,6700.35,38.08,74.164,1,0
M-201608,Fan,Utilities,Night,Standard,76.212,1.5485,,11308.29,166.38,69.595,2,1
M-201609,Motor,Packaging,Day,Standard,,2.6214,7.238,2291.64,21.26,74.134,0,0
M-201610,Compressor,Process-A,Evening,Standard,70.533,2.4366,5.326,1311.9,293.08,73.653,1,0
M-201611,Motor,Utilities,Day,Standard,53.891,1.0833,7.121,6874.8,,57.759,2,0
M-201612,Compressor,Packaging,Night,Minimal,74.598,,7.232,3706.05,63.29,84.213,3,1
M-201613,Fan,,Day,Standard,57.011,,10.007,2749.08,35.75,67.905,1,0
M-201614,Fan,Process-A,Evening,Standard,,,6.686,4584.48,61.68,55.917,2,0
M-201615,Compressor,Packaging,Day,Standard,72.406,2.8083,7.99,10505.03,68.53,65.147,1,1
M-201616,,Utilities,Evening,Standard,70.92,1.4419,7.93,8752.95,32.06,62.066,3,0
M-201617,Pump,Process-A,Day,Enhanced,68.883,2.3251,6.738,9795.71,72.6,60.246,2,0
M-201618,Pump,Packaging,Evening,Standard,84.178,1.425,4.994,1444.55,243.93,66.522,1,0
M-201619,Compressor,Process-A,Evening,Enhanced,64.904,1.7206,2.542,3386.23,171.44,67.391,1,0
M-201620,Fan,Process-B,Evening,Minimal,88.542,,6.314,5162.23,80.0,84.02,1,0
M-201621,Pump,Process-B,Day,Standard,61.653,,7.073,7007.01,70.4,74.586,3,0
M-201622,Pump,Process-A,Day,,71.794,2.2011,,1957.65,196.43,78.079,1,0
M-201623,Compressor,Utilities,Evening,Standard,79.241,4.4338,4.823,3854.66,64.54,73.674,3,1
M-201624,Fan,Packaging,Day,Minimal,,,2.764,5630.41,72.08,,0,0
M-201625,Motor,Packaging,Evening,Minimal,58.249,1.6962,7.297,5584.56,120.79,44.63,,0
M-201626,Compressor,Process-B,Night,Standard,68.324,2.2954,4.375,11481.95,138.51,56.768,3,0
M-201627,,Process-B,Night,Standard,63.06,1.895,6.049,2117.72,156.28,56.729,1,0
M-201628,Compressor,Process-A,Day,Standard,63.844,1.7179,6.883,11530.73,222.01,62.482,2,1
M-201629,Pump,Packaging,,Minimal,53.263,2.5729,6.168,1801.0,133.33,96.064,0,0
M-201630,Fan,Process-A,Evening,Enhanced,71.699,1.0931,5.223,5309.45,71.63,46.989,3,0
M-201631,Fan,Storage,Day,Standard,61.035,2.9956,7.596,5825.19,68.96,59.771,2,0
M-201632,Compressor,Packaging,Night,Standard,95.754,1.2159,5.965,4995.07,139.8,68.81,1,0
M-201633,Motor,Process-A,Night,Enhanced,56.67,0.8423,4.717,11043.18,154.24,66.728,3,0
M-201634,Pump,Packaging,Evening,Standard,81.671,1.4712,6.602,7185.12,,64.748,1,0
M-201635,Compressor,Packaging,Day,Enhanced,77.442,2.7945,6.051,2489.1,54.65,95.581,0,0
M-201636,,Process-B,Day,Standard,88.075,2.2672,5.898,10211.96,152.26,72.342,4,1
M-201637,Compressor,Process-A,Evening,Minimal,,1.3682,6.914,5219.66,113.95,74.348,2,0
M-201638,Compressor,Utilities,Evening,Minimal,70.96,2.0731,7.884,636.05,71.78,73.252,0,0
M-201639,Pump,Packaging,Day,Standard,64.899,1.3218,7.069,10779.27,92.03,69.411,1,0
M-201640,Compressor,Process-B,Night,Minimal,64.265,1.0677,,4094.63,199.69,51.2,2,1
M-201641,Compressor,Process-A,Evening,Standard,48.227,4.5003,7.167,8007.86,292.7,80.03,1,1
M-201642,Motor,Process-B,Day,Standard,68.567,1.4608,8.329,5756.61,59.02,45.357,3,0
M-201643,Compressor,Packaging,Evening,Enhanced,66.744,0.8806,6.044,3743.08,142.26,78.208,4,0
M-201644,Compressor,Process-A,Day,Enhanced,74.882,1.3465,5.433,4881.08,26.91,71.23,0,0
M-201645,Pump,Process-A,Evening,Standard,71.05,0.9229,6.794,10719.02,90.92,77.979,3,0
M-201646,Pump,Process-A,Day,Standard,84.402,,2.594,6684.18,41.7,74.769,1,0
M-201647,Motor,Process-A,Day,Minimal,84.13,1.1515,5.377,7436.05,,77.027,1,0
M-201648,Pump,Utilities,Day,Standard,82.622,0.9895,3.51,6603.16,,86.246,2,0
M-201649,Fan,Process-A,Day,Enhanced,69.138,1.8384,7.614,3068.27,68.61,87.358,1,0
M-201650,Compressor,Process-B,Day,Enhanced,61.342,1.6865,9.7,5860.72,35.99,93.642,0,0
M-201651,Pump,Process-B,Evening,Enhanced,60.464,0.6057,7.294,10661.22,157.22,57.58,2,0
M-201652,,Packaging,Night,Enhanced,89.657,0.858,6.755,5225.54,,71.912,3,0
M-201653,Motor,Process-A,Evening,Standard,57.148,2.2821,6.579,4873.9,88.76,66.307,4,1
M-201654,Compressor,Storage,Evening,Enhanced,70.766,1.095,5.573,,43.36,71.188,2,0
M-201655,Compressor,Process-B,Day,Standard,66.461,2.7483,9.496,7240.67,50.77,57.482,1,1
M-201656,Motor,Process-A,Day,,67.264,1.1468,4.842,4650.59,242.49,80.064,1,0
M-201657,Motor,Storage,Day,Standard,65.204,1.8534,4.981,5628.89,46.17,85.073,2,0
M-201658,Pump,Process-B,Evening,Minimal,86.69,1.6779,7.835,7484.18,103.37,86.046,1,1
M-201659,Motor,Process-A,Day,Enhanced,66.854,1.5144,7.019,8780.77,44.41,63.174,0,0
M-201660,Pump,Process-A,Day,Standard,62.813,3.7806,6.723,9452.24,175.8,51.243,3,1
M-201661,Pump,Process-B,Day,Standard,55.918,0.8181,7.226,6211.07,6.86,69.702,1,0
M-201662,Compressor,Process-B,Night,Standard,69.393,2.7502,7.491,7676.11,27.77,64.575,1,1
M-201663,Compressor,,Evening,Standard,69.794,2.4745,6.767,3562.09,54.12,,2,0
M-201664,,Process-B,Night,Standard,62.133,1.4546,6.92,2183.92,166.46,95.826,4,1
M-201665,Pump,Process-A,Day,Enhanced,54.94,3.6888,5.629,6987.0,109.35,74.569,,0
M-201666,Compressor,Packaging,Day,Enhanced,65.331,1.432,4.935,723.18,159.19,84.577,,0
M-201667,Compressor,Process-B,Day,Standard,,1.2653,6.232,5503.96,55.26,67.506,2,0
M-201668,Pump,Process-B,Day,Standard,61.254,5.4335,6.911,2598.35,50.97,85.558,0,1
M-201669,Pump,Process-A,Day,Minimal,76.894,,4.925,4896.92,121.32,,0,0
M-201670,Motor,Process-A,Night,Minimal,68.403,1.7556,6.611,3278.07,135.3,53.914,1,0
M-201671,Pump,Process-A,Night,Standard,72.952,1.1109,4.247,1485.83,130.24,78.422,3,1
M-201672,Fan,Utilities,Night,Standard,69.574,2.43,6.047,4455.85,145.75,83.789,,1
M-201673,Motor,Process-B,Day,Standard,47.357,1.1201,5.951,3518.93,51.87,51.196,3,0
M-201674,Pump,Process-B,Day,Standard,53.329,2.7137,6.183,8360.18,85.58,46.032,1,0
M-201675,Motor,Process-B,Day,Enhanced,,1.9867,8.091,5249.85,65.84,75.048,0,0
M-201676,Pump,Process-B,Day,Standard,68.918,1.5894,3.871,2480.42,127.46,77.328,1,0
M-201677,Pump,Storage,Evening,Standard,75.982,1.5453,5.894,5619.57,53.63,76.264,1,0
M-201678,Motor,,Evening,Enhanced,80.257,1.7049,,7674.79,183.24,64.6,2,0
M-201679,Motor,Process-A,Day,Standard,66.699,0.7688,4.245,4682.98,183.95,59.593,3,0
M-201680,Motor,Process-A,Day,Enhanced,72.627,1.9481,,4855.69,102.39,62.2,3,0
M-201681,Pump,Process-A,Night,Standard,69.38,1.844,4.947,7509.53,128.97,69.949,2,0
M-201682,Motor,Packaging,Evening,Minimal,51.972,,3.494,3652.0,50.3,69.015,1,0
M-201683,Fan,Process-A,Day,Standard,59.468,1.2864,6.122,1569.69,72.42,74.968,1,0
M-201684,Motor,Process-A,Evening,Minimal,61.633,2.342,6.319,2979.84,71.65,78.096,2,0
M-201685,Pump,Process-A,Night,Standard,60.543,3.3116,6.658,4113.94,103.03,75.85,3,1
M-201686,Pump,Process-A,Day,,65.327,3.9304,5.397,4935.9,129.65,62.214,5,0
M-201687,Fan,Process-A,Night,Enhanced,59.664,1.8194,6.894,5604.39,108.03,82.776,2,0
M-201688,Fan,Packaging,Evening,Enhanced,72.024,5.1787,8.52,2938.4,37.05,75.396,0,0
M-201689,Motor,Packaging,Evening,Standard,59.301,2.0512,6.677,5093.24,40.55,77.461,0,0
M-201690,Fan,Packaging,Night,Standard,77.793,1.4435,8.944,3345.73,39.89,72.969,2,0
M-201691,Pump,Packaging,Day,Enhanced,62.021,0.7375,6.658,8062.39,62.74,52.31,2,0
M-201692,Pump,Packaging,Evening,Standard,73.959,1.1216,5.682,11548.67,204.0,79.886,2,0
M-201693,Pump,Process-B,Evening,Enhanced,60.987,1.0794,5.839,6453.49,15.88,76.615,0,0
M-201694,Fan,Process-A,Day,Minimal,63.93,,6.079,5336.3,85.25,76.701,1,0
M-201695,Motor,Packaging,Night,Enhanced,71.102,0.9664,5.164,3999.78,52.84,77.483,3,0
M-201696,Pump,Process-A,Day,Standard,87.933,0.7422,6.733,9771.69,82.45,66.12,,0
M-201697,Pump,Process-B,Day,Minimal,,2.1547,6.419,3574.11,25.49,81.812,0,0
M-201698,Compressor,Process-A,Day,Standard,70.787,1.6726,4.485,,,67.462,,0
M-201699,Pump,Utilities,Night,Enhanced,78.424,1.7374,7.755,4009.46,7.25,,2,0
M-201700,Pump,Packaging,Night,Enhanced,95.966,1.626,6.269,1971.63,89.52,62.818,0,0
M-201701,Compressor,Process-B,Night,Standard,70.017,1.378,9.003,2005.04,53.34,78.195,0,0
M-201702,Motor,Process-B,Evening,Standard,92.298,2.4504,5.266,10054.34,231.88,101.775,3,1
M-201703,Motor,Process-B,Evening,Minimal,57.436,4.0958,6.048,7805.66,106.58,77.916,2,0
M-201704,Motor,Process-A,,,65.721,0.9565,5.567,2256.54,58.39,64.553,2,0
M-201705,Motor,Packaging,Night,Minimal,79.144,2.0856,5.939,5709.04,139.96,57.341,3,1
M-201706,Motor,Utilities,Day,Standard,84.061,1.6999,7.269,4599.97,95.15,71.413,0,0
M-201707,Compressor,Process-B,Night,Standard,,3.4016,4.89,1508.94,42.74,83.634,,1
M-201708,Pump,Process-B,Evening,Standard,60.266,,5.736,1530.57,152.9,56.179,2,0
M-201709,Pump,Process-A,Evening,,74.348,1.1888,5.888,4905.57,31.35,74.994,1,0
M-201710,Compressor,Process-B,Night,Standard,50.749,1.4974,,2750.63,51.59,71.276,1,0
M-201711,Pump,Process-A,Day,Enhanced,65.409,0.7029,7.389,1699.1,35.91,73.581,4,0
M-201712,Motor,Packaging,Day,Enhanced,59.816,2.4512,4.849,11218.82,100.39,92.732,0,0
M-201713,Motor,Process-A,Night,Minimal,83.426,1.9506,8.869,,106.96,84.999,,1
M-201714,Motor,Process-B,Day,Standard,83.218,1.0994,5.652,3694.69,117.04,,2,0
M-201715,Compressor,Storage,Day,Standard,77.583,0.8999,4.082,3516.52,75.62,70.592,2,0
M-201716,Motor,Process-A,Night,Standard,64.176,1.2388,7.308,1323.42,63.87,48.172,2,0
M-201717,Pump,Process-B,Day,Standard,62.319,2.6368,5.149,3787.45,67.03,86.098,2,1
M-201718,Pump,Process-A,Day,Minimal,63.959,2.7308,6.056,760.73,6.28,81.312,1,0
M-201719,Motor,Utilities,Night,Standard,75.888,1.8917,5.001,3381.95,106.2,109.435,0,0
M-201720,Compressor,Process-A,Day,Standard,66.197,1.8496,6.124,7428.44,81.08,68.818,2,0
M-201721,Pump,Utilities,,Standard,,0.9477,6.419,9694.54,91.18,72.368,2,1
M-201722,Compressor,Packaging,Night,Standard,71.929,0.8951,5.415,3612.85,29.64,74.851,2,0
M-201723,Pump,,Day,Standard,,2.1337,7.358,5534.34,241.91,69.373,1,1
M-201724,Fan,Storage,Evening,Enhanced,55.892,1.3544,,3141.31,27.11,90.123,1,0
M-201725,Pump,Process-B,Day,Standard,63.252,1.8445,3.898,,111.46,59.72,1,0
M-201726,Pump,,Day,Minimal,53.71,1.5717,5.542,3026.72,20.03,54.511,2,0
M-201727,Motor,,Day,Standard,66.447,1.5096,8.374,4151.02,187.44,105.489,0,0
M-201728,Motor,Process-A,Day,Standard,64.17,1.9931,8.567,13181.25,19.3,85.382,2,0
M-201729,Compressor,Process-B,Evening,Standard,62.768,0.6971,4.467,4719.19,55.86,65.76,2,0
M-201730,Motor,Utilities,Evening,Minimal,80.418,1.5838,7.82,5552.01,97.44,80.2,1,0
M-201731,Compressor,Packaging,Day,Standard,50.064,2.0202,9.9,4683.23,24.86,49.728,0,0
M-201732,Pump,Process-A,Day,Standard,69.044,1.3288,7.633,3388.76,98.92,91.806,2,0
M-201733,Fan,Storage,Night,Standard,70.653,,9.562,12880.0,23.01,55.173,3,0
M-201734,Pump,Utilities,Day,Standard,84.471,2.3361,6.2,2598.11,20.59,74.995,4,1
M-201735,Fan,Packaging,Evening,Standard,93.039,1.858,6.101,15964.11,55.8,62.87,2,0
M-201736,Motor,Utilities,,Minimal,62.025,1.6713,6.297,1493.93,103.65,58.117,1,0
M-201737,Motor,Packaging,Day,,66.657,1.4682,7.195,5135.83,115.96,69.96,1,0
M-201738,Fan,Process-B,Day,Enhanced,63.495,,7.633,2507.87,52.1,85.597,1,0
M-201739,Motor,Utilities,Evening,Standard,67.268,2.0206,7.067,7559.24,89.35,69.97,1,0
M-201740,Motor,Process-A,Night,Standard,75.324,1.5114,8.031,4258.46,55.08,63.757,1,0
M-201741,Motor,Packaging,Day,Standard,51.07,1.3506,6.331,4768.94,39.33,81.702,0,0
M-201742,,Process-B,Evening,Standard,47.691,1.3752,7.983,4540.3,43.06,50.941,0,0
M-201743,Motor,Process-A,Night,Standard,50.614,1.2198,7.015,5032.27,117.01,54.347,5,0
M-201744,Motor,Storage,Evening,Standard,64.082,0.9004,7.561,5018.43,135.15,104.059,2,0
M-201745,Pump,Process-A,Day,Standard,82.699,4.877,7.253,4841.72,,77.963,0,1
M-201746,Compressor,Packaging,Day,Standard,73.432,1.8823,6.457,5480.99,158.49,82.193,1,0
M-201747,Compressor,Process-A,Day,Standard,67.756,0.7059,5.723,6369.65,,61.57,1,0
M-201748,Motor,Process-A,,Standard,65.535,1.7602,9.622,4589.45,18.32,82.206,3,0
M-201749,Pump,Utilities,Day,Minimal,54.951,,5.068,13885.86,83.55,75.986,1,0
M-201750,,,Evening,Minimal,59.517,1.8516,6.892,3650.19,33.9,89.071,0,0
M-201751,Pump,Packaging,Evening,Standard,71.894,2.8046,4.41,3915.21,95.36,87.237,2,0
M-201752,Pump,Utilities,Day,Standard,,0.9041,7.016,6011.58,49.71,79.906,0,0
M-201753,Fan,Process-A,Night,Standard,62.76,,4.975,6430.82,179.6,60.544,1,0
M-201754,Pump,Process-B,Day,Standard,56.223,1.1327,4.676,6613.47,42.41,87.77,2,0
M-201755,Fan,Storage,Night,Standard,66.564,3.505,,3037.23,64.57,60.993,0,0
M-201756,Fan,Process-B,Day,Standard,69.772,2.936,9.493,,23.55,83.655,4,0
M-201757,Compressor,Process-A,Evening,Minimal,68.314,1.1958,6.712,402.34,14.46,71.574,1,0
M-201758,Fan,Utilities,Evening,Enhanced,73.807,2.2458,7.658,4077.73,32.27,94.502,1,0
M-201759,Motor,Process-B,Night,Standard,70.504,1.6036,4.831,2751.83,168.02,75.042,0,0
M-201760,Fan,Packaging,Evening,Standard,,2.4869,6.087,,,70.8,2,0
M-201761,Pump,,Day,Standard,67.864,,4.535,3892.27,29.06,71.038,2,0
M-201762,Compressor,Utilities,Night,Enhanced,69.817,3.6366,7.599,3891.15,95.59,57.28,3,0
M-201763,Compressor,Utilities,Day,Enhanced,82.961,,5.863,6888.24,19.9,66.23,1,0
M-201764,Fan,Utilities,Evening,Minimal,70.798,0.7871,7.505,6666.83,21.08,55.994,3,0
M-201765,Fan,Packaging,Evening,Enhanced,60.643,2.0364,6.938,5755.72,60.03,,3,0
M-201766,Fan,Storage,Evening,Standard,75.993,4.1344,7.409,5776.76,9.09,67.545,0,0
M-201767,Pump,Process-A,Day,Standard,65.033,0.9543,4.629,,88.54,41.746,2,0
M-201768,Motor,Process-B,Evening,Standard,62.693,2.668,5.255,7014.96,258.09,74.114,2,1
M-201769,Compressor,Utilities,Night,Minimal,65.122,3.9099,5.533,9395.57,18.21,90.757,2,1
M-201770,Fan,Packaging,,Enhanced,75.935,1.1632,3.883,4023.51,163.76,77.379,2,0
M-201771,Motor,Process-A,,Standard,73.966,1.835,3.295,4537.3,78.02,58.534,2,0
M-201772,Motor,Process-A,Night,Standard,66.653,1.6861,5.186,2041.1,91.94,58.854,1,0
M-201773,Fan,Utilities,Night,Minimal,,2.1123,7.619,4637.45,36.58,42.526,3,0
M-201774,Pump,Process-B,Evening,Standard,59.973,1.5352,5.372,6293.0,22.27,78.497,0,0
M-201775,Motor,Storage,Day,Minimal,72.723,3.1221,6.015,5754.04,87.64,73.516,2,0
M-201776,Pump,Packaging,Night,Enhanced,91.542,1.9175,7.318,2869.7,70.55,62.022,2,1
M-201777,,Packaging,Evening,Minimal,60.492,1.6809,7.069,5490.07,155.43,,0,0
M-201778,Compressor,Process-B,Day,,82.52,2.7261,8.438,1856.95,175.53,86.659,1,0
M-201779,Pump,Storage,Night,Standard,66.072,2.6831,4.897,12843.92,29.31,60.239,1,0
M-201780,,,Night,Standard,77.196,1.1575,4.718,1756.89,49.14,109.658,1,0
M-201781,Compressor,Process-B,Day,Enhanced,67.343,2.0968,5.206,6053.03,21.97,77.334,0,0
M-201782,Motor,Storage,Day,Standard,65.263,,9.739,4850.4,72.29,30.188,2,0
M-201783,Compressor,,Day,Minimal,69.236,1.4551,7.632,6526.44,120.94,53.757,1,0
M-201784,Motor,Process-A,,Standard,63.853,2.5654,6.345,2694.45,122.2,88.277,3,0
M-201785,Fan,Process-B,Day,Minimal,73.669,2.069,10.201,3425.3,104.22,67.527,4,1
M-201786,Pump,Process-B,Evening,Standard,54.867,2.6221,6.539,545.63,95.64,76.135,5,1
M-201787,Motor,Utilities,Day,Enhanced,74.469,2.4598,8.662,9556.29,123.8,,1,0
M-201788,Compressor,,Night,Standard,62.359,3.4783,7.146,4505.14,84.68,58.788,1,0
M-201789,Fan,,Day,Minimal,72.792,2.0263,4.29,7872.76,14.64,53.904,1,0
M-201790,Compressor,Packaging,Day,Standard,60.904,0.5914,6.297,14771.74,47.6,74.873,1,0
M-201791,Motor,Process-A,Evening,Standard,74.004,4.5077,7.501,3633.64,66.12,,1,0
M-201792,Compressor,Utilities,Day,Minimal,87.915,1.9534,7.077,4307.17,,75.436,1,0
M-201793,Pump,Process-B,Night,Standard,76.426,2.1077,7.624,4433.95,102.86,69.84,1,1
M-201794,Motor,Process-A,Day,Enhanced,62.986,2.0099,,1919.44,70.94,67.16,1,0
M-201795,Motor,Packaging,Day,Minimal,65.924,1.5736,8.207,4168.02,,79.437,3,0
M-201796,Pump,Utilities,Night,Standard,55.155,2.8868,4.74,2895.93,13.08,69.387,0,0
M-201797,Pump,Process-A,Night,Standard,63.81,1.9661,2.846,4862.7,204.09,80.031,1,0
M-201798,Fan,Process-A,Day,Standard,,,5.216,,41.39,82.985,1,0
M-201799,Motor,Process-B,Day,Standard,58.199,0.9789,6.732,6132.74,,66.882,0,0
M-201800,,Packaging,Night,,79.154,0.8587,4.858,4025.46,113.58,67.378,3,0
M-201801,Motor,Process-B,Day,Minimal,67.226,,4.858,3448.1,68.83,80.728,1,0
M-201802,Fan,Storage,Night,Standard,58.34,2.1782,7.483,4401.24,190.1,,4,0
M-201803,Compressor,Process-B,Day,Standard,70.613,1.7569,4.638,9088.53,111.74,98.331,3,0
M-201804,Motor,,Night,Minimal,81.178,1.6491,5.568,2081.89,62.04,71.004,4,0
M-201805,Pump,Utilities,,Standard,71.698,3.7394,3.894,2885.2,87.14,,1,0
M-201806,Motor,,Night,Minimal,65.556,1.4872,3.595,7255.0,37.13,69.658,1,0
M-201807,,Process-B,Day,Minimal,86.742,1.7223,,8656.86,260.04,70.54,0,1
M-201808,Motor,Process-A,Night,Standard,46.35,2.8572,3.428,1295.81,212.93,46.753,2,0
M-201809,Motor,Process-A,Day,Minimal,53.174,,5.752,4948.34,93.01,91.964,,0
M-201810,Pump,Process-A,Evening,Enhanced,70.902,1.8451,5.962,1807.24,186.14,89.813,2,1
M-201811,Compressor,Process-B,Day,Standard,66.48,1.4494,4.887,1333.32,47.98,99.259,2,0
M-201812,Motor,Utilities,Night,Standard,56.713,0.8417,5.386,8235.11,,60.614,2,0
M-201813,Fan,Process-B,Evening,Standard,74.436,1.2583,6.857,9738.98,34.09,57.072,3,0
M-201814,Motor,Packaging,Evening,Enhanced,64.426,2.8495,6.341,,236.96,85.212,2,0
M-201815,Motor,Process-B,Night,Enhanced,57.46,1.2377,,8883.87,39.92,103.836,0,0
M-201816,Pump,Storage,Evening,Enhanced,53.592,1.9906,8.659,831.39,23.75,81.816,2,0
M-201817,Fan,Process-A,Evening,Minimal,68.178,1.5,3.107,5049.55,20.05,96.819,1,1
M-201818,Motor,Process-B,Night,Enhanced,73.595,1.2607,4.924,8178.94,90.31,67.79,2,0
M-201819,Motor,Process-B,Day,Enhanced,75.91,0.8025,6.577,2313.76,136.89,57.604,2,0
M-201820,Motor,Utilities,Day,Standard,79.149,1.4241,7.096,10858.5,40.5,63.385,2,0
M-201821,Motor,Process-B,Night,Enhanced,62.9,,4.396,2997.59,36.58,90.905,0,0
M-201822,Pump,Packaging,Day,Standard,53.918,2.7038,7.438,750.17,167.25,56.208,1,0
M-201823,Pump,Process-A,Day,Standard,79.897,2.7067,7.402,5064.53,42.82,81.939,3,0
M-201824,Fan,Process-B,Night,Standard,55.429,1.4348,7.659,4110.35,116.9,65.825,1,0
M-201825,Pump,Process-A,Day,Standard,80.365,1.8591,7.254,6708.08,115.25,56.127,0,0
M-201826,Motor,Process-A,Night,Standard,49.049,1.6911,5.719,5935.55,,53.169,3,0
M-201827,Fan,Process-B,Day,Standard,64.128,1.2698,7.651,,23.53,,1,0
M-201828,Compressor,Packaging,Day,Standard,62.339,1.1631,7.537,1508.67,132.32,91.617,2,0
M-201829,Motor,Process-B,Day,Standard,71.589,1.7851,6.739,2912.2,52.59,51.96,,0
M-201830,Motor,Process-B,Evening,Enhanced,83.363,0.986,7.389,2193.76,117.64,61.366,3,1
M-201831,Fan,Packaging,Day,,66.049,0.8205,4.59,4191.54,146.79,72.675,5,0
M-201832,Pump,Packaging,Night,Standard,81.239,0.9798,4.171,10023.41,52.78,93.913,1,0
M-201833,Fan,Storage,Day,Enhanced,51.618,0.9527,6.945,3367.54,21.43,88.853,3,0
M-201834,Compressor,Packaging,Day,Minimal,54.473,2.4769,4.797,5402.25,53.28,68.921,1,0
M-201835,Motor,Process-B,Night,Enhanced,,1.7597,6.912,,32.4,58.634,3,0
M-201836,Motor,Packaging,Day,Enhanced,67.047,3.0869,8.524,5097.39,60.72,,1,0
M-201837,Motor,Utilities,Evening,Enhanced,56.818,2.488,,5960.83,172.3,71.27,3,0
M-201838,Motor,Packaging,Evening,Standard,42.951,1.8606,6.588,4778.82,137.64,79.093,0,0
M-201839,Pump,Process-B,Day,Enhanced,85.01,2.1482,9.48,471.31,187.4,64.472,0,0
M-201840,Motor,Process-A,Day,Minimal,75.956,2.1359,2.473,3477.92,198.61,20.7,1,1
M-201841,Motor,Packaging,Day,Standard,64.02,2.4985,8.01,8830.63,96.04,63.294,3,0
M-201842,Compressor,Packaging,Day,Standard,62.645,1.8998,6.744,3152.18,248.96,73.577,1,0
M-201843,Fan,Process-B,Evening,Enhanced,57.617,1.404,8.689,6830.31,171.66,61.874,3,1
M-201844,Pump,,Night,Standard,72.498,2.6778,5.926,1671.54,73.04,110.0,1,0
M-201845,Pump,Packaging,Evening,Standard,78.556,1.7471,7.315,,151.15,57.614,0,0
M-201846,Fan,Process-B,Day,Standard,61.385,2.6509,5.613,4891.93,145.68,80.398,0,0
M-201847,Fan,Utilities,Day,Minimal,82.058,2.1039,5.653,4330.91,38.77,59.511,4,0
M-201848,Motor,Packaging,Day,Enhanced,69.865,1.6263,,7218.95,,71.381,1,0
M-201849,Motor,Process-B,Day,Standard,50.065,2.0403,5.586,3128.53,1.0,67.381,1,0
M-201850,,Packaging,Day,Minimal,60.204,,4.74,4106.41,135.99,53.239,1,1
M-201851,Pump,,Evening,Standard,59.386,1.8944,2.995,1693.23,72.05,,,0
M-201852,Fan,Storage,Day,Standard,,1.4963,5.542,9700.0,62.32,55.397,2,0
M-201853,Pump,Utilities,,Standard,67.035,4.9327,5.77,,163.34,64.446,2,0
M-201854,Pump,Packaging,Evening,Standard,50.746,0.5467,,6352.95,116.73,54.036,2,0
M-201855,Pump,Process-B,Day,Standard,77.368,1.8523,8.154,1729.52,28.35,73.648,4,0
M-201856,Compressor,,Night,Standard,89.856,1.9858,6.198,11543.74,153.54,52.213,3,1
M-201857,Compressor,Process-B,Day,Minimal,60.521,1.4667,6.787,8494.78,,57.526,2,0
M-201858,Pump,Process-B,Night,Standard,60.161,2.5059,5.182,2639.59,13.37,98.643,,0
M-201859,Compressor,Packaging,Night,Standard,82.708,1.6928,7.106,1116.62,130.97,95.151,6,1
M-201860,Compressor,Packaging,Day,Minimal,84.233,1.0277,6.262,,29.61,56.793,3,1
M-201861,Motor,Process-B,Night,Enhanced,69.725,1.0226,5.548,6471.55,84.55,50.3,2,0
M-201862,,Packaging,Evening,Standard,68.412,0.9784,3.962,3475.21,104.64,107.581,2,0
M-201863,Pump,Storage,Evening,Enhanced,61.112,1.1696,7.006,1826.09,17.85,83.562,1,0
M-201864,Fan,Storage,Evening,Standard,56.561,,7.062,2993.55,79.1,56.635,1,0
M-201865,Compressor,Storage,Day,Minimal,63.09,2.6891,6.989,4440.76,296.31,69.37,1,0
M-201866,Motor,Storage,Night,Standard,71.965,1.0495,5.235,8180.66,49.72,67.217,1,0
M-201867,Motor,Utilities,Day,Standard,65.005,2.6264,5.131,4003.54,139.23,73.854,1,0
M-201868,Motor,Process-A,Day,Standard,54.686,1.0801,6.311,4359.68,,58.695,,0
M-201869,Pump,,Night,Standard,87.393,1.072,7.591,7387.0,60.58,34.488,2,0
M-201870,Fan,Utilities,Evening,Standard,,0.5375,4.456,4423.31,60.55,78.295,3,0
M-201871,Compressor,Utilities,Night,Enhanced,50.492,,5.668,3905.0,159.42,76.628,0,0
M-201872,,Process-B,Day,Standard,75.742,3.1948,7.743,5177.86,65.89,72.311,2,0
M-201873,Pump,Storage,Day,Standard,53.423,1.0178,,1973.91,39.69,66.474,3,0
M-201874,Motor,Process-A,Day,Standard,59.328,1.5086,7.711,890.27,99.73,60.268,0,0
M-201875,Compressor,Process-B,,Standard,83.794,0.9234,8.332,8242.97,54.08,60.631,2,0
M-201876,Compressor,Process-A,Day,Standard,85.067,2.0028,6.409,2577.46,31.18,48.692,1,0
M-201877,Motor,Process-B,Day,Standard,55.218,0.9835,7.5,5279.64,152.89,65.319,3,0
M-201878,Fan,Storage,Night,,69.551,1.7493,5.047,6791.27,49.04,83.675,3,1
M-201879,Compressor,Process-A,Day,Enhanced,74.186,1.7821,7.943,1886.15,34.72,68.784,2,0
M-201880,Motor,Process-A,Day,Enhanced,74.726,0.6726,6.631,3850.54,83.64,66.274,0,0
M-201881,Pump,Packaging,Day,Standard,66.689,0.8244,8.913,3048.52,135.41,87.16,1,0
M-201882,Compressor,Packaging,Evening,Standard,59.053,1.511,4.608,9280.38,49.45,76.32,2,0
M-201883,Fan,Storage,Day,Standard,68.771,0.7162,8.292,12066.23,42.99,59.389,0,0
M-201884,Pump,Process-A,Evening,Enhanced,64.86,1.2612,7.928,2076.47,9.46,91.322,0,0
M-201885,Pump,Utilities,Evening,Standard,74.431,3.5881,6.621,3041.93,189.52,86.348,1,1
M-201886,Pump,Packaging,Night,Minimal,72.71,2.4597,8.655,8716.98,72.81,93.209,2,1
M-201887,Motor,Process-B,Day,Enhanced,60.245,2.4164,7.9,2611.23,164.24,,0,0
M-201888,Fan,Storage,Day,Enhanced,,1.5252,6.012,,112.69,76.03,2,0
M-201889,Motor,Process-B,Day,Standard,76.029,2.3815,6.744,6057.76,214.11,88.862,1,1
M-201890,Motor,Utilities,Night,Standard,61.021,1.7217,5.586,7090.73,97.52,67.904,1,0
M-201891,Pump,Process-B,Evening,Standard,73.525,1.3466,4.653,5474.52,69.18,53.574,1,0
M-201892,Fan,Process-B,Day,Standard,82.286,1.3083,5.614,5399.41,76.1,74.074,3,0
M-201893,Compressor,Utilities,Night,Minimal,66.641,2.3794,,5238.33,134.11,,6,1
M-201894,Pump,Process-B,Day,Standard,63.114,0.9183,8.116,1489.75,64.8,68.542,1,0
M-201895,Fan,Storage,Night,Enhanced,78.088,0.7175,6.019,5076.42,149.35,75.307,3,0
M-201896,Compressor,Process-A,Evening,Enhanced,74.298,4.5985,8.003,2090.22,23.51,72.699,1,0
M-201897,Motor,Process-A,Day,Standard,74.569,1.5746,2.924,4813.75,25.5,70.007,3,0
M-201898,Motor,Utilities,Evening,Standard,88.147,2.252,6.515,5139.31,,81.055,1,0
M-201899,Compressor,Process-B,Night,Standard,60.411,3.9329,5.387,2314.56,35.73,53.639,2,0
M-201900,Pump,Process-B,Day,Enhanced,58.017,2.2873,5.297,4697.52,,70.233,1,0
M-201901,Pump,Process-B,Night,Enhanced,,5.0621,4.001,12719.22,125.73,78.917,2,1
M-201902,Motor,Process-A,Day,Minimal,67.691,1.503,,6316.69,46.11,77.392,3,0
M-201903,Pump,Process-B,Day,Standard,78.19,1.7209,4.345,,143.04,72.89,1,0
M-201904,Motor,Utilities,Day,Minimal,63.819,2.1344,4.41,11811.15,68.09,107.78,3,0
M-201905,Compressor,Utilities,Evening,Standard,72.693,2.7546,7.683,7376.13,81.88,69.494,2,0
M-201906,Motor,Process-A,Evening,Enhanced,57.139,2.1321,6.502,6984.07,103.7,66.072,0,0
M-201907,Motor,Process-B,Day,Enhanced,85.333,1.527,3.443,17067.83,,77.588,1,1
M-201908,Motor,Utilities,Evening,Enhanced,60.267,1.6293,4.519,7229.65,74.72,,0,0
M-201909,Fan,Process-B,Day,Standard,72.56,1.1615,7.727,6530.66,45.89,67.499,3,0
M-201910,Fan,Process-B,Night,Standard,84.132,2.8382,5.457,5904.33,95.33,76.471,4,1
M-201911,Pump,Process-B,Day,Standard,76.013,1.7889,7.551,6753.92,39.04,88.845,2,0
M-201912,Compressor,Process-A,Evening,Enhanced,79.954,1.1727,7.017,1796.16,74.09,73.522,2,0
M-201913,Pump,Process-B,Day,Minimal,53.298,1.5356,6.252,6180.94,218.69,46.484,2,0
M-201914,Compressor,Process-A,Night,Standard,76.757,,8.978,5419.63,101.26,67.323,0,0
M-201915,Fan,Packaging,Evening,Standard,68.762,0.7629,5.9,2771.43,88.39,73.952,2,0
M-201916,Compressor,Process-A,Day,Enhanced,81.358,1.8445,6.015,4770.02,223.5,99.509,1,1
M-201917,Motor,Packaging,Day,Enhanced,68.521,1.6417,6.156,5160.08,43.47,92.6,5,0
M-201918,Pump,,Day,Standard,58.445,2.1238,8.616,4413.56,40.92,85.096,1,0
M-201919,Pump,Process-A,Day,Standard,68.29,1.4166,6.628,9459.41,262.79,,1,1
M-201920,Pump,Process-A,Day,Standard,66.096,1.4395,4.854,2776.62,,87.777,0,0
M-201921,Fan,Utilities,Day,Standard,75.405,,6.339,13204.96,29.81,77.642,1,0
M-201922,Motor,Packaging,Day,Standard,57.479,1.1462,7.201,,32.09,90.669,2,0
M-201923,Motor,Process-B,Evening,Enhanced,70.036,1.7259,6.254,5164.99,89.17,84.317,1,0
M-201924,Fan,Process-A,Evening,Standard,51.167,2.052,7.934,13253.04,365.0,39.73,,0
M-201925,Compressor,Utilities,Night,Minimal,79.098,3.6369,,1354.68,61.82,86.863,1,0
M-201926,Pump,Packaging,Night,Standard,82.827,1.8894,7.256,4587.21,33.45,72.98,1,0
M-201927,Pump,Process-B,Evening,Minimal,,3.2103,4.909,8784.77,35.55,47.514,0,0
M-201928,,Process-B,Evening,Standard,62.411,2.1741,10.785,3756.62,121.0,39.888,2,0
M-201929,Fan,Utilities,Day,Enhanced,73.397,1.2187,3.65,11535.63,98.65,72.48,2,0
M-201930,Compressor,Utilities,,Standard,88.91,1.5415,,9379.29,116.86,74.048,1,1
M-201931,Compressor,Utilities,Day,Standard,62.712,1.8785,7.815,10833.02,,84.525,3,0
M-201932,Fan,Utilities,Night,Standard,68.246,2.1546,5.46,8430.58,60.72,77.835,1,0
M-201933,Motor,Utilities,Evening,Enhanced,80.13,1.0661,4.678,4056.2,3.9,97.251,0,0
M-201934,Fan,Process-B,Day,Minimal,60.37,2.6176,7.037,10874.13,213.51,76.485,4,1
M-201935,,Process-B,Night,Enhanced,77.315,3.0908,8.499,14271.03,34.52,72.413,0,0
M-201936,Pump,,Day,Minimal,67.416,1.806,3.2,3586.3,104.55,65.356,4,0
M-201937,,Packaging,Evening,Enhanced,63.139,1.4276,7.779,9774.96,57.24,58.46,1,0
M-201938,Motor,Process-B,,Enhanced,63.15,1.7316,6.484,4633.38,112.57,107.275,1,0
M-201939,Pump,Utilities,Evening,Minimal,71.843,1.3607,,3546.16,149.21,96.53,1,0
M-201940,Pump,Process-B,Night,Standard,64.895,0.9072,6.59,3442.29,92.88,54.996,2,0
M-201941,Compressor,Process-A,Evening,Standard,64.62,0.9871,6.405,5064.74,71.28,57.075,3,0
M-201942,Pump,Packaging,Night,Standard,73.103,,5.885,3953.64,107.51,53.115,1,0
M-201943,Compressor,Process-B,Day,Enhanced,,3.5387,6.03,5055.85,50.33,57.738,,0
M-201944,Pump,Process-B,Evening,Standard,91.991,1.4801,5.306,3540.71,207.19,72.224,1,0
M-201945,Compressor,Process-A,Evening,Standard,56.245,2.9611,8.839,7931.8,28.54,69.444,2,0
M-201946,Fan,Utilities,Night,Standard,84.978,1.1634,7.302,7928.34,61.35,74.746,2,0
M-201947,,Packaging,Day,Standard,76.088,1.8175,5.59,12015.12,126.39,65.867,2,0
M-201948,Compressor,Process-B,Day,Standard,91.525,3.614,5.425,4545.71,104.8,67.812,2,0
M-201949,Motor,Process-B,Night,Standard,68.187,1.9099,8.839,4796.17,89.12,102.193,1,0
M-201950,Compressor,Process-A,Evening,Enhanced,70.641,2.0917,5.689,4135.49,138.62,83.539,1,0
M-201951,Pump,Process-A,Night,Standard,72.047,2.6977,7.356,5308.2,,55.907,3,0
M-201952,Pump,Utilities,Night,Standard,76.788,2.0495,5.578,1028.94,,54.923,1,1
M-201953,Fan,Packaging,Day,Standard,73.117,,7.39,2682.47,154.97,78.187,2,0
M-201954,Motor,Process-B,Night,Standard,61.196,2.3237,6.571,2016.93,,54.98,0,0
M-201955,Compressor,Process-B,Day,Standard,65.143,0.8668,6.942,3398.35,30.44,77.602,4,0
M-201956,Motor,Process-A,Day,Standard,73.218,2.1322,4.576,3927.8,56.46,81.758,1,0
M-201957,Motor,Process-A,Evening,Enhanced,72.616,1.6225,7.951,5914.2,72.53,69.984,0,0
M-201958,Motor,Packaging,Day,Enhanced,58.136,0.7147,8.478,3863.91,86.18,81.021,2,0
M-201959,Compressor,Utilities,Day,Standard,58.419,1.2479,7.493,1640.47,89.58,67.155,2,0
M-201960,Pump,Utilities,Day,Minimal,79.078,2.3376,,1422.91,35.66,67.844,1,0
M-201961,Pump,Process-B,Night,Standard,63.164,1.33,8.355,4627.85,54.09,58.967,2,0
M-201962,Compressor,Utilities,Evening,Standard,69.754,1.2873,5.123,5785.99,53.72,102.173,0,0
M-201963,Motor,Process-B,Day,Minimal,62.789,1.4223,4.945,2355.03,41.54,81.669,2,0
M-201964,Pump,Process-A,Night,Enhanced,67.593,0.6647,6.642,2213.88,68.26,96.431,,0
M-201965,Motor,Process-A,Day,Minimal,73.906,2.0915,6.318,2615.32,113.33,65.089,2,0
M-201966,Compressor,Process-B,Evening,Standard,66.207,2.6138,6.029,5378.39,57.86,36.402,1,0
M-201967,Compressor,Storage,Evening,Standard,81.472,2.0217,6.465,1207.39,68.49,85.01,0,0
M-201968,Fan,Utilities,Night,Standard,,3.5813,7.921,3838.93,30.96,92.896,,0
M-201969,,Utilities,Evening,Standard,69.21,2.3784,5.9,10075.63,144.93,68.004,0,1
M-201970,Compressor,Process-A,Day,Standard,71.239,,,9262.47,57.62,89.292,1,0
M-201971,Motor,Utilities,Day,Enhanced,53.027,3.6838,9.32,5658.09,59.09,75.3,0,0
M-201972,Fan,Process-A,Night,Standard,66.267,4.5164,7.316,4414.64,51.7,50.438,1,0
M-201973,Motor,Utilities,Day,Standard,57.81,1.0165,5.879,4793.75,56.83,69.238,1,0
M-201974,Fan,Packaging,Day,Minimal,36.749,2.3574,8.566,8626.8,39.4,60.988,3,0
M-201975,Motor,Process-B,Evening,Standard,71.902,1.7547,7.274,7670.16,131.75,45.978,2,0
M-201976,Compressor,Packaging,,Enhanced,63.324,2.8978,5.845,3105.97,16.73,70.844,1,0
M-201977,Compressor,Packaging,Day,Minimal,62.342,1.9596,6.272,7938.96,43.61,72.69,2,0
M-201978,Compressor,Packaging,Evening,Standard,65.163,1.5704,6.278,4170.73,24.48,48.71,2,0
M-201979,Motor,Packaging,Day,Enhanced,,1.1885,6.277,8737.44,223.39,77.706,3,0
M-201980,Motor,Process-B,Day,Standard,68.132,1.5796,6.731,5236.49,136.52,55.083,0,0
M-201981,Compressor,Packaging,Evening,Enhanced,71.866,1.4162,6.899,3650.86,18.41,71.151,1,0
M-201982,Pump,,Day,,,1.3177,9.41,3779.3,87.74,84.754,1,0
M-201983,Motor,Process-A,Day,Standard,76.125,1.9221,6.767,9020.81,72.95,59.262,2,0
M-201984,Motor,Process-B,Evening,Standard,67.42,1.3195,5.709,7664.66,146.27,55.918,1,0
M-201985,Motor,Utilities,Day,Enhanced,64.939,2.1057,4.426,8479.02,132.73,72.466,0,0
M-201986,Pump,Storage,Day,Standard,65.806,2.8593,6.621,5999.46,,90.846,1,0
M-201987,Pump,Utilities,Day,,81.419,1.5144,7.88,,94.9,96.763,1,0
M-201988,Pump,Process-A,Evening,Standard,75.864,1.3493,3.75,5490.43,13.72,45.086,1,0
M-201989,Pump,Utilities,Night,Standard,68.254,2.3192,7.182,17253.22,140.41,74.71,3,0
M-201990,Fan,Process-A,Day,Standard,58.966,1.1825,6.073,5669.34,96.59,77.728,0,0
M-201991,Motor,Utilities,Evening,Standard,67.253,1.3374,6.374,1993.65,41.47,63.162,1,0
M-201992,Fan,Process-A,Evening,Standard,69.26,1.1857,7.333,2019.99,,79.516,3,0
M-201993,Motor,Process-B,Evening,Minimal,79.128,1.4093,5.79,3620.24,39.86,78.277,0,0
M-201994,Fan,Process-B,Day,Standard,50.524,1.9919,5.254,2250.27,,41.753,2,0
M-201995,Pump,Process-A,Night,,67.802,2.0017,8.539,2067.4,29.73,51.535,1,0
M-201996,Fan,Process-A,Evening,Standard,52.297,,9.286,13288.15,55.59,50.003,2,0
M-201997,Fan,Utilities,Evening,Standard,70.356,1.5682,6.457,7463.43,87.63,110.0,1,0
M-201998,Compressor,Utilities,Evening,Standard,72.064,1.7233,7.457,10271.15,82.06,85.386,2,0
M-201999,Compressor,Utilities,Night,Standard,59.918,3.7714,,1523.54,135.64,,5,1
M-202000,Compressor,Storage,Night,Standard,62.452,1.3647,3.935,6915.08,79.59,102.21,1,0
