throughput_tph,temperature_c,pressure_bar,vibration_mm_s,energy_intensity_kwh_t,downtime_fraction
56.82057,95.97797,9.20391,2.96935,41.53282,0.15172
120.28124,77.30398,5.22181,1.92543,49.09709,0.08525
116.27919,56.35271,5.17924,3.73303,40.66031,0.06166
96.70538,56.68777,6.32682,2.72712,36.7996,0.08994
99.74658,67.67392,5.89952,2.51083,36.91018,0.05085
133.56003,92.23148,4.66961,2.18,55.72924,0.04265
84.83124,52.90766,6.15247,2.83598,34.8475,0.0871
35.62731,81.22224,6.03248,1.67608,57.03793,0.10776
98.56581,68.37331,5.74761,2.75368,36.79099,0.05938
102.78397,99.26257,4.04713,1.72221,50.71395,0.08541
115.03202,61.06075,6.37757,2.33724,36.36542,0.08154
103.25219,60.14714,5.41808,3.22052,44.62799,0.05739
25.71908,55.70422,6.77028,2.13106,26.62666,0.12919
90.79545,57.32659,6.92654,2.7022,35.4036,0.05855
114.5472,57.58024,5.14622,2.46296,49.42263,0.07605
48.28796,59.51802,6.81208,1.73364,35.56258,0.12588
105.62906,92.4714,5.23034,1.13455,48.44803,0.11218
26.73634,55.07531,7.51716,1.80461,42.1365,0.12051
41.39871,91.6268,8.39224,2.83175,48.51418,0.12967
99.96709,63.46836,4.53054,2.94228,38.67367,0.03779
50.19904,48.35104,6.00404,1.26915,26.74475,0.08984
38.00674,57.48821,7.22333,1.31259,32.49887,0.11958
95.63864,80.83153,3.88709,2.20569,47.41141,0.07198
90.32828,64.94026,6.29663,3.19683,31.08675,0.0632
111.38294,87.71282,4.27627,1.15253,55.4614,0.07048
27.26709,69.73957,7.6499,2.35451,30.8307,0.13807
52.99386,84.7027,9.95167,2.8315,47.83492,0.09742
45.5434,97.01902,8.55466,2.70317,49.96539,0.15911
39.37797,51.58752,7.08477,1.54318,31.95924,0.12999
116.168,90.67594,6.10729,0.72605,45.03767,0.09606
34.73705,60.37352,7.95452,1.55954,30.69155,0.11355
44.27569,89.7508,8.97235,2.76986,54.85835,0.13311
28.93198,89.73436,8.29452,3.15915,61.31708,0.16186
30.07055,61.55508,6.92825,1.60806,30.92467,0.09887
34.95719,69.4566,6.95301,2.00985,30.46538,0.09389
107.97923,90.10063,5.00997,1.45385,44.32221,0.10635
104.82435,66.03457,6.28292,2.61706,38.08706,0.06583
29.94365,49.41849,7.65652,1.81121,31.88016,0.0919
106.44578,82.79683,5.03398,1.89439,56.19121,0.11131
106.65241,103.23038,5.80222,1.14188,43.2247,0.11213
28.98024,81.20579,7.07457,2.73869,31.73174,0.10503
67.02151,83.95038,7.77707,2.33677,48.72872,0.10221
105.04419,66.56536,5.2596,2.41046,33.00105,0.06916
127.51108,68.86394,5.53586,2.41473,41.73927,0.06609
99.34102,61.4726,5.53986,2.75825,40.04594,0.07902
55.89281,94.46719,8.85837,2.67872,60.15633,0.1439
39.43749,51.82514,7.6659,2.13415,31.42872,0.15605
115.76455,91.34492,6.21056,1.66673,54.70521,0.081
97.66038,87.64841,3.55389,1.55656,46.94393,0.03326
28.86535,59.58404,7.31618,1.52362,39.8253,0.07633
91.72508,87.36743,5.37906,1.82683,45.51561,0.08076
96.70425,82.54269,5.75842,1.61977,47.69594,0.09761
130.51156,53.38179,6.56113,2.88881,37.08898,0.06999
127.98962,102.01971,5.64454,1.62999,48.7642,0.13103
107.94526,96.79041,4.76526,1.76011,40.03501,0.092
30.20381,63.92319,6.82398,2.04798,27.36488,0.10628
4.33984,54.42769,7.03435,1.64772,31.44272,0.14963
131.36265,83.37646,5.27502,0.63636,52.19433,0.10961
31.29546,86.61492,7.80389,2.17213,58.02272,0.11357
116.59036,89.87645,5.39375,1.9964,46.20971,0.10174
102.25183,53.41873,6.63533,3.20497,40.34145,0.09887
88.17601,101.56669,6.26163,1.38458,47.52153,0.09679
44.41276,53.71312,5.88248,1.50946,27.43426,0.1072
15.96289,61.95564,7.03198,1.80541,30.15121,0.07348
96.90211,86.10878,5.60611,1.04761,54.92684,0.10082
104.62952,63.10744,5.50718,3.18967,38.38973,0.08279
95.75427,55.58601,5.01634,3.29635,35.91385,0.07906
50.67501,83.26612,7.77818,2.23868,50.87146,0.12046
104.57083,93.12911,4.55362,1.29918,44.67938,0.03776
50.29193,91.56538,8.42168,2.87015,56.93227,0.15277
29.17244,94.12772,7.31843,2.48769,55.22263,0.15103
113.46658,95.28136,6.14141,1.93843,50.25303,0.07618
119.52876,57.85469,4.50216,2.94471,37.41094,0.06499
30.30714,66.18683,6.24744,2.15138,45.34781,0.07657
106.95042,71.104,5.93853,3.39529,33.94388,0.08114
52.07195,90.2626,8.96311,2.26905,57.28007,0.13491
37.24492,62.42141,7.2917,1.26061,35.78341,0.10741
105.03173,80.70418,4.82112,1.45562,55.91969,0.08394
51.03868,95.4438,7.10663,2.56402,37.39294,0.12328
23.1664,55.32049,8.45006,1.49762,36.80826,0.11001
104.41009,65.71961,5.31324,3.07556,31.47483,0.03909
8.8626,57.53838,6.76772,2.0738,29.03159,0.09961
101.29763,97.44685,4.26229,1.71111,42.12434,0.08533
53.21322,95.42685,6.67403,2.18776,57.31244,0.15735
38.95915,65.02286,8.00407,1.77568,34.98053,0.08123
44.63926,83.74906,10.60957,2.40384,58.65096,0.12261
110.40523,78.07677,6.47924,1.57959,48.54576,0.07558
87.12653,60.46454,6.23206,2.73859,36.2867,0.0797
89.29037,76.07324,4.79399,1.06342,45.64171,0.09635
44.98508,97.18035,10.06135,2.86984,50.63941,0.13304
7.20766,58.04932,7.02376,1.5845,32.33721,0.11099
50.23893,79.36001,8.67602,3.17537,48.37103,0.17466
55.03922,84.34365,9.15043,2.80718,45.9514,0.14642
58.05151,90.87077,9.29779,2.04772,53.17169,0.13542
101.91937,52.46472,3.90432,1.91871,42.09682,0.09401
105.25185,90.16618,5.74674,1.60475,39.56955,0.09917
107.13692,62.71198,5.69174,2.40435,40.29464,0.05467
98.87593,63.15211,5.5691,2.25562,39.33484,0.08497
110.45259,50.84377,5.31497,2.31086,26.6651,0.08165
60.24235,101.77815,8.35149,2.16598,60.87778,0.13987
98.25488,89.02268,5.00621,1.52365,50.6647,0.09758
41.75737,89.84377,9.26028,2.20798,55.50817,0.12048
33.60181,62.95096,7.0853,1.82254,31.84749,0.09011
109.98585,87.37118,5.08194,1.43352,50.89849,0.07118
94.69641,46.89283,5.38126,2.40506,45.87438,0.10309
24.92301,70.48513,7.41619,1.65281,28.69964,0.10886
96.3019,58.68603,4.66044,2.79103,50.53066,0.06213
99.19109,89.80304,4.28749,1.32403,42.69356,0.09705
106.07097,56.55334,4.14563,2.74478,40.25142,0.0759
95.14561,95.4336,5.96416,1.99716,48.73896,0.07055
73.06963,94.52009,6.81288,2.53375,49.60871,0.12756
100.75018,74.08154,6.30248,2.65077,44.28044,0.04673
46.75295,56.06055,7.01151,1.76773,30.35346,0.12549
97.17607,64.15688,6.26605,3.42964,36.27978,0.01477
22.0572,62.79866,7.54298,1.32744,33.26725,0.14156
105.99056,65.41112,4.74685,3.36036,32.13034,0.07216
96.40121,93.64195,6.45175,1.73601,48.64652,0.07442
47.37662,90.84292,7.86365,2.85614,53.55796,0.14751
85.65461,65.61378,5.36687,2.60486,37.44233,0.08184
85.22491,58.72873,5.43603,2.9459,41.57853,0.10557
35.69649,83.21926,9.72504,2.0553,46.65724,0.08691
48.85293,95.09068,7.76126,2.41588,56.78624,0.17078
55.86706,96.02813,6.94485,2.60607,54.27382,0.13518
46.72454,90.11077,8.95402,2.6337,54.88939,0.12241
102.23737,85.37953,5.57029,1.71395,53.72604,0.07545
39.15035,44.19987,7.23126,2.0103,27.74356,0.09918
68.06164,82.33912,8.22485,2.83368,54.55211,0.1317
118.78949,67.28002,6.61001,2.73274,39.19845,0.05773
101.2693,64.51051,5.06082,3.27035,41.486,0.08295
27.48456,90.19488,7.25425,3.02114,59.52884,0.11596
40.12313,99.22835,8.12505,2.85064,59.6382,0.11756
111.24721,79.01758,5.09674,1.6918,51.18359,0.10772
109.93428,87.11339,4.75976,1.53891,52.73079,0.09796
100.22658,91.34832,5.23329,2.21421,51.62041,0.10853
18.23028,65.08993,6.34026,2.13597,28.72626,0.05984
107.84031,53.94355,4.41353,2.83582,39.6798,0.05456
37.4363,61.33382,5.9178,2.26037,33.61714,0.13298
118.10079,97.09686,4.97846,1.31662,55.85095,0.10842
96.62205,56.54847,5.25413,2.79254,38.25208,0.07845
5.46589,61.91591,6.47863,1.91121,39.3402,0.10974
26.11997,107.69728,9.44587,2.32242,52.32189,0.13723
41.2299,49.46472,7.27497,2.31565,23.89418,0.08551
34.17309,67.31762,8.25781,1.82286,33.85441,0.10243
95.67353,54.33669,5.57193,3.02279,34.35584,0.06181
25.30167,54.49764,6.85542,1.44845,31.48144,0.10461
62.96528,92.43315,7.93189,2.59324,58.40199,0.14057
39.29119,53.05211,8.51704,1.58849,35.96191,0.09972
82.41652,61.71894,6.0005,3.45596,38.93542,0.05224
112.28884,100.31594,5.8218,1.47481,57.73273,0.08085
41.38511,60.4657,8.3711,1.42699,29.91969,0.11373
42.68716,60.84107,8.12621,1.8362,34.66905,0.12237
125.6333,88.4878,5.25002,1.60166,42.09886,0.0771
96.27776,64.34541,6.43405,2.45842,29.378,0.045
105.32445,66.32897,5.96438,3.10425,36.11211,0.07296
28.4178,62.04993,7.63209,1.17468,39.4349,0.13005
25.85158,100.82592,7.96595,2.60528,59.07942,0.11323
95.39759,87.12442,5.21346,1.53566,60.06936,0.07235
29.12244,54.12279,5.69575,1.89814,30.97895,0.09937
36.4677,59.6803,6.97676,1.04095,20.71118,0.09845
43.5456,52.32534,7.1347,1.58237,28.64939,0.11014
99.08598,64.3385,7.04155,3.05172,38.94434,0.0562
37.92754,63.618,6.81583,1.85841,39.99639,0.10547
43.50101,68.73187,8.03579,1.95465,33.4545,0.06358
46.78922,88.4802,8.67963,2.89463,45.8196,0.14138
44.31042,83.1578,7.83199,2.9913,45.52919,0.15394
116.58625,55.54525,4.51177,3.08018,42.81265,0.02336
117.20734,59.74375,4.57286,3.20158,24.70783,0.04679
98.19454,88.93672,5.65124,1.57923,48.61724,0.08319
29.14174,50.62287,6.66728,1.40008,26.80503,0.08289
16.25971,102.36657,9.23971,3.30779,49.83454,0.10484
68.86379,97.78712,8.88082,2.15882,50.17428,0.13305
23.39495,52.82692,8.13949,1.97542,28.78178,0.09383
114.45701,84.88391,5.03339,1.81752,45.97355,0.09174
119.02319,76.50729,4.65535,2.12585,45.56522,0.06862
43.4108,89.39099,8.52238,2.54178,49.57687,0.12742
42.30217,89.27785,7.73179,2.66587,45.82458,0.15466
62.59156,91.90038,10.08976,2.46232,58.72475,0.15926
97.91912,63.36124,6.1642,2.56201,38.29856,0.07686
117.56941,58.38976,5.68616,2.58808,37.13652,0.0633
103.27929,70.90029,4.8071,2.78416,45.86753,0.04154
17.53769,50.66381,7.72538,1.63525,32.11652,0.07064
53.50835,94.47211,9.65853,2.8475,51.04164,0.16953
61.26914,98.34146,8.04276,2.66582,40.24002,0.14354
90.69663,60.13569,5.77719,2.86582,32.52855,0.0422
37.04972,95.11191,8.47667,2.79697,55.09991,0.1434
45.61261,84.66831,7.43834,2.34554,58.1021,0.09537
86.15782,65.75477,5.81278,2.81179,38.74962,0.05084
107.98508,84.42144,5.97043,1.99578,57.53298,0.08427
116.74566,56.23313,6.07595,2.36667,41.11016,0.07486
97.91282,61.60015,5.84464,3.19498,34.08306,0.09147
92.53453,93.91351,5.42548,1.25208,53.54611,0.07339
43.80769,100.12758,8.16148,2.06881,50.07908,0.12008
51.62343,97.08823,8.02067,2.93509,57.11869,0.11919
45.26077,96.88663,7.75739,2.76639,48.15632,0.13579
33.25912,92.65415,9.01851,2.61044,51.84056,0.17195
24.17713,63.09033,7.80221,1.75635,32.62794,0.16013
99.97321,86.43147,5.45712,1.40875,52.26667,0.07807
88.16732,57.20558,4.91213,2.37517,31.93945,0.08691
39.65608,88.12329,8.60284,3.02406,50.44505,0.11278
94.13829,90.1902,4.40195,1.9176,45.94563,0.09432
43.63356,63.41456,8.54938,1.36445,32.16165,0.09882
118.94591,90.24208,5.86649,1.51014,56.62037,0.09656
43.63131,46.07822,7.42107,1.53271,36.04148,0.12847
36.10472,53.52009,6.63699,1.50937,26.59984,0.11362
93.49267,53.81092,5.41684,2.09248,34.34594,0.08345
138.27778,56.4644,4.31189,2.66759,41.09344,0.04857
31.129,59.28176,7.73378,1.76635,31.38343,0.10499
35.69545,54.20661,6.38402,0.95198,43.79929,0.09822
38.17442,92.47299,8.44605,2.98456,46.03496,0.12918
109.41732,66.98253,4.49215,2.71349,25.6509,0.05944
37.49077,63.9378,7.50865,1.53939,26.16519,0.1242
20.88106,61.16848,7.54695,1.89961,36.09381,0.13243
93.40459,62.41586,5.3566,3.04333,36.63995,0.12209
46.88637,82.27505,9.04415,3.05054,51.88342,0.13523
34.85129,59.80019,7.42238,1.65053,27.53636,0.11318
47.16869,64.07535,7.06128,2.06551,23.81526,0.10762
108.28395,61.21352,4.22483,2.7965,33.88604,0.07137
45.51865,91.917,8.50373,3.10186,49.31743,0.11723
42.85577,57.49943,6.50613,1.55294,19.70192,0.10497
104.4729,66.69626,4.12639,3.43884,37.53556,0.05768
56.08514,89.14014,6.26329,3.17632,49.82406,0.11368
31.30477,60.57966,5.76904,1.11823,25.78343,0.11102
109.90228,60.12443,4.6285,3.08042,29.83501,0.04657
49.91962,89.01745,7.96507,2.39862,48.52329,0.16842
107.61212,93.55581,5.52675,0.85275,55.72251,0.08835
50.62511,87.52452,9.16688,2.68905,42.95607,0.132
115.12757,63.53685,5.53734,2.93314,30.3778,0.07438
33.03536,60.05704,8.11467,1.46179,36.77432,0.12158
105.16762,89.46543,5.72353,2.34291,42.59262,0.1122
13.72368,58.13982,7.01319,1.70562,36.97203,0.1029
33.87177,59.90601,7.72745,2.14366,35.1218,0.07891
92.90244,57.13496,4.97,2.68464,43.03736,0.0496
110.06232,65.52872,5.20116,3.4189,34.61841,0.0385
91.8585,93.17266,5.88675,1.53755,49.77046,0.11044
118.54838,99.11828,6.58859,1.69792,39.15504,0.06556
90.00589,55.26072,5.53745,2.33018,38.74656,0.04723
97.42537,52.8064,4.40427,3.00531,40.19466,0.057
22.60607,66.16173,6.6849,2.49265,28.11613,0.10902
113.4645,55.3273,7.31585,2.71866,35.26207,0.08789
36.85136,55.60636,7.6968,2.17593,34.64084,0.10871
37.62972,82.76166,9.02093,2.61609,52.00464,0.11121
105.67308,62.78338,5.69079,3.62736,35.07532,0.11007
44.69256,88.52611,8.00162,2.88927,49.39912,0.14371
21.03098,55.55058,7.54419,1.7486,26.56526,0.12556
37.57333,96.11141,8.16495,2.43591,56.71695,0.12741
98.30276,86.11204,5.26769,1.64574,48.67486,0.08791
55.47263,86.39325,8.01261,2.75619,59.52877,0.1437
30.82497,62.8344,6.10818,1.70047,28.17202,0.11259
16.44163,57.35693,8.01973,1.47314,41.4035,0.09627
99.34475,57.67816,6.2919,2.71354,33.48149,0.08702
93.75496,83.61144,6.15294,1.83616,54.47367,0.10776
103.05355,62.63239,6.0022,2.64135,45.65041,0.0734
22.1176,55.69344,8.10555,1.32427,35.70989,0.05992
106.44717,82.91804,5.46606,1.36793,50.05421,0.07583
112.3672,62.55776,3.98082,2.22627,30.80877,0.08374
69.80248,86.89507,9.26849,1.89176,60.18712,0.17788
43.82491,96.24386,8.63546,3.37919,59.83521,0.11895
25.68297,64.97687,6.64024,0.99642,20.59269,0.12624
54.07603,86.20189,8.61881,2.79018,64.87747,0.14797
35.40224,98.89348,7.36182,2.54439,52.1102,0.1465
100.8278,63.77853,4.54618,2.2365,38.18509,0.06209
59.61195,96.50282,8.82621,2.90652,50.39354,0.11824
45.89269,84.60024,6.88678,2.80076,49.86376,0.10885
100.84883,61.41522,6.56675,2.76609,36.87057,0.04695
95.10037,88.40669,3.7683,1.32645,60.73617,0.08531
54.64263,96.26062,6.67728,2.43573,64.90028,0.13993
105.72326,92.83035,5.50732,1.19299,45.10164,0.0793
28.23313,65.39074,6.19681,1.75845,27.04889,0.08656
40.62114,95.7511,9.35203,2.88205,54.25903,0.13614
85.2857,87.94365,4.61313,1.72781,47.77382,0.08041
103.0515,91.40082,6.21997,1.57005,49.28917,0.0559
99.76302,92.1631,5.71153,2.10578,51.48435,0.08094
42.75396,51.91611,8.63048,1.72106,32.28457,0.11652
25.15343,53.01236,6.37407,2.07096,31.62107,0.08228
46.7236,88.19105,7.31004,2.8241,60.29587,0.10809
112.24741,91.97753,5.34146,1.62951,53.89166,0.08629
32.8112,68.93414,8.39281,1.8503,27.28336,0.10618
90.69906,65.09876,5.41405,2.81536,29.95732,0.07105
39.77072,59.90245,6.42226,2.15972,37.77627,0.12139
30.71986,60.70715,6.41773,2.22375,38.23334,0.10718
82.311,54.91131,6.39583,2.87346,36.10816,0.09656
43.95789,54.99973,7.34772,1.4665,30.3932,0.11187
115.29704,91.43619,4.7702,1.35663,52.76401,0.07018
96.68481,82.72345,5.80927,1.38784,46.89716,0.07169
72.61031,65.26362,6.40906,2.81795,38.59765,0.02986
28.56169,64.35388,6.31138,1.75966,38.80106,0.12592
13.49563,50.77599,5.96949,1.05059,25.8171,0.09164
102.60854,66.89457,6.85313,3.41017,42.52468,0.0595
46.95251,85.50066,8.55652,2.29362,55.29068,0.12633
113.03586,97.20375,2.21373,1.42836,53.58918,0.08731
50.84459,88.16645,7.93768,2.89446,49.81953,0.13008
112.08085,47.68955,5.33183,2.73752,42.44795,0.07589
31.62129,90.24774,7.46897,2.28348,60.58143,0.15861
39.98382,64.76495,6.92384,2.05157,35.20424,0.10179
55.5413,84.14459,8.58684,2.67831,51.6693,0.16275
62.56745,103.35366,7.63451,2.77352,51.41117,0.1467
48.86701,94.98268,7.86978,2.26584,57.60938,0.11637
95.24114,59.68009,3.02814,2.49067,31.10572,0.06591
28.59701,50.91768,6.58748,1.48229,27.70929,0.10269
102.88163,84.12594,4.65098,1.5838,49.09647,0.05276
102.67631,87.68788,4.1788,1.85641,58.38851,0.10057
102.23612,61.82662,6.19439,3.00356,38.47606,0.04035
52.08398,99.5128,8.1974,2.43308,48.42125,0.08541
43.82513,84.18602,9.21321,2.86718,55.2014,0.16677
37.26504,56.01376,6.10727,1.39391,29.54514,0.12363
33.67883,65.92036,7.57006,1.40928,41.02317,0.09357
33.31838,56.24564,6.78243,2.15696,31.41134,0.13564
93.0805,61.26619,5.88854,3.3887,38.63896,0.08044
99.35529,76.5012,5.75544,2.85348,34.44705,0.04978
43.28357,72.42006,8.7551,2.21862,30.237,0.09657
92.7923,59.25861,6.48752,3.04109,35.26628,0.03647
122.76896,81.73088,5.20646,1.62644,54.03068,0.08938
12.06476,58.73519,6.6392,1.69469,26.1138,0.09075
125.78761,94.3613,6.51472,1.14774,58.59215,0.08169
133.23839,86.54656,4.43596,2.13818,52.80542,0.08274
100.19917,93.92045,5.76368,1.86885,47.76857,0.07882
25.01344,69.53637,6.34059,1.71452,29.57572,0.10429
27.90806,61.41814,7.29155,1.57198,33.23189,0.11929
30.18751,59.72385,6.18165,1.3263,29.91492,0.10873
103.46355,60.17218,6.60982,2.63823,32.81547,0.09562
110.17727,58.41992,6.07039,2.7071,40.11868,0.08295
41.28147,57.09651,8.28501,1.72805,29.03246,0.08363
107.25257,67.23301,5.43688,2.83412,35.23263,0.06802
103.71883,83.00404,5.43165,1.64112,48.3069,0.0772
72.89527,93.8855,8.64244,2.77157,55.24132,0.15735
114.74644,84.14208,5.65579,0.81603,50.66161,0.08148
48.82391,87.01711,8.15013,2.27469,53.26959,0.12973
40.31052,60.86643,8.18923,2.03665,28.38313,0.1456
93.93994,59.11152,6.06146,3.50651,41.08697,0.09695
104.03507,90.94334,4.69079,1.64935,37.10004,0.04549
25.74985,65.86018,7.15003,2.00443,32.58522,0.08967
27.89022,49.72752,7.95632,1.57621,35.98829,0.10095
124.18191,56.95771,5.34007,2.92141,53.69473,0.0532
33.09773,98.64841,8.1255,2.75269,53.17544,0.13947
83.58762,62.92114,5.65193,3.13058,39.27397,0.06778
55.4435,97.12391,9.0155,2.95482,55.71811,0.10503
18.07952,64.17707,6.30327,2.16531,35.38903,0.1054
121.05309,92.40448,5.31457,1.78755,57.16325,0.02817
26.87297,59.06327,6.84766,1.9804,30.10327,0.11873
107.56288,84.00063,4.34436,1.81023,47.44233,0.11488
102.02828,69.79714,6.21573,3.15674,43.56665,0.05256
122.95107,89.66444,4.75719,1.59938,52.08186,0.06403
43.22795,90.30345,7.54042,2.62005,55.60016,0.13177
112.18754,75.1725,3.9718,1.48044,61.39047,0.08162
124.84853,86.69569,4.21611,1.41239,43.70696,0.08324
54.05184,90.47618,6.8265,3.08238,58.57463,0.10834
99.63347,95.43731,5.02971,1.07142,52.1266,0.10164
107.36826,62.9759,6.01843,3.31749,44.56737,0.08987
82.08663,62.0475,5.49628,2.66839,38.74502,0.04341
64.37617,81.7436,8.81133,3.01353,55.41127,0.12067
110.33341,82.64231,4.57186,2.06868,52.60997,0.12572
33.66796,60.04812,7.5426,1.72361,30.66645,0.06829
101.4637,64.18977,5.17604,2.34644,47.17792,0.05118
61.17062,98.43902,7.89278,2.68898,52.76618,0.13866
33.16477,88.83024,7.24193,1.67428,49.17435,0.14314
30.20183,98.34993,8.48489,2.90552,49.56058,0.13003
103.20331,81.81364,6.53302,1.50015,49.13501,0.09649
105.1367,64.46828,5.73316,2.91628,38.90452,0.07791
114.73768,87.36716,4.86365,1.80931,49.02483,0.07024
34.19063,93.75252,7.91901,3.06889,46.41949,0.12643
94.0211,45.12414,5.27151,2.87954,38.84602,0.04638
50.87885,92.85139,8.54739,2.52968,59.58723,0.14327
38.54981,64.69441,6.21653,1.73226,30.81205,0.09264
41.57728,61.92844,8.07653,1.23474,27.55492,0.09414
114.72544,93.97471,4.96379,1.59115,42.10204,0.11689
53.00804,89.62399,8.85183,2.31683,53.62117,0.12908
104.88296,52.22576,5.74331,3.21702,44.22649,0.06895
84.15508,52.34276,6.5281,2.46248,48.63706,0.09283
115.98307,56.0205,6.59664,3.09708,51.42597,0.03628
100.7365,57.16359,5.34452,2.27768,35.0365,0.05929
51.32536,67.69411,7.1159,1.89369,32.3242,0.06563
100.20684,57.67086,4.38648,2.95547,33.76929,0.05541
86.26005,88.46513,5.56617,1.19059,44.62322,0.04327
61.78394,88.95657,7.7149,2.14931,51.71439,0.14046
31.59302,78.24787,7.3755,2.10232,28.33739,0.09475
21.52576,56.67232,7.20362,2.13405,34.34127,0.11368
9.88179,63.39682,8.08078,2.5602,27.8154,0.0865
21.47309,60.51652,7.27316,1.7016,27.55947,0.12815
119.73469,79.35702,5.49442,1.43324,57.50192,0.08142
24.10681,52.06693,8.86206,2.08426,34.24902,0.09417
37.2765,89.53639,9.52428,3.26552,58.32556,0.16487
122.00583,88.85971,5.12992,1.78584,43.62991,0.10609
73.72754,92.33801,8.59144,2.38455,47.06621,0.12902
44.45304,51.85271,7.62292,1.91582,35.18123,0.10556
99.86714,87.71727,6.40727,1.36888,46.32262,0.08482
56.18322,94.29112,8.67748,2.40598,52.05961,0.09814
29.28855,66.821,6.45414,1.95453,38.53859,0.10491
33.65057,86.78117,9.49298,2.67758,56.94735,0.11192
121.01044,97.11006,4.37284,1.36902,57.31741,0.07571
90.26578,81.31929,4.83273,1.62366,43.9577,0.09004
53.08104,93.61698,10.15117,2.35708,52.94427,0.1344
102.89626,65.15394,5.15054,2.58818,39.6794,0.04161
121.5215,58.85471,4.80807,2.74177,53.17459,0.05534
42.90637,94.4236,9.38167,2.69346,51.60758,0.14259
30.1853,63.17817,8.34851,2.22658,29.41986,0.10292
92.53152,91.81442,5.07744,1.79565,56.78863,0.0958
120.35082,86.62644,4.85046,1.78021,48.46894,0.09822
102.49452,81.71995,4.50302,1.98544,43.65502,0.08189
40.5888,54.52574,7.48816,1.71005,25.59287,0.09564
61.58991,100.13106,7.78351,1.97878,53.06754,0.10744
101.93946,93.9696,4.69764,2.1752,48.40085,0.07333
53.98315,99.40712,8.5961,2.13841,46.50101,0.12042
38.4643,88.5458,8.25364,2.56956,60.18576,0.10835
109.47439,65.36732,6.58518,2.89752,36.63001,0.05405
102.17158,65.36085,3.98664,2.61809,30.26006,0.05142
108.65449,65.26535,4.6374,2.95716,30.72653,0.03583
22.68929,56.96481,6.87683,1.61522,39.67461,0.12377
24.81658,73.29884,7.65424,1.61113,30.25889,0.0667
38.04467,51.62952,7.6658,1.79093,26.45519,0.11989
27.65213,68.75229,6.94025,2.27422,36.32102,0.1008
113.58988,61.43355,4.40784,3.24464,36.34161,0.06658
11.17499,54.51992,6.60946,1.90906,35.35853,0.09991
44.35472,98.5162,8.2568,2.025,46.15875,0.08273
89.48481,87.84997,4.22059,1.73248,43.87212,0.0375
28.47979,54.51039,7.12887,2.06089,29.26128,0.11189
35.36097,61.27408,5.7844,1.7662,35.72006,0.12121
86.67623,70.05239,4.56628,2.678,33.3097,0.06023
109.60476,60.72758,4.53408,3.04579,41.04372,0.06824
22.92242,89.11126,7.76766,2.6134,46.09092,0.13035
38.34731,92.06643,7.04243,2.58118,43.21568,0.12879
100.31446,61.28164,6.50035,2.92724,34.66537,0.09164
8.70799,59.6116,5.70674,1.26051,27.1311,0.11823
102.91286,72.23417,6.94878,2.41478,39.62273,0.08069
27.54487,64.28576,7.41235,2.4168,27.06255,0.12211
99.98387,62.77955,6.27759,3.18682,43.90982,0.07768
56.31594,101.25729,8.70117,2.61552,51.76442,0.09304
43.41678,62.8391,6.92301,2.02262,38.44619,0.11249
126.45015,84.6972,5.62274,1.5064,40.97271,0.06725
55.36066,86.31739,8.89519,2.16224,62.74849,0.11726
95.51895,66.94698,6.7128,3.17093,37.2278,0.06308
101.34424,64.6055,5.37502,2.6286,33.9158,0.04323
71.50753,87.01169,8.7645,2.60127,58.13158,0.10057
50.13054,82.8009,7.87689,3.22479,58.31932,0.12423
27.97155,65.65593,7.37191,1.82909,36.98153,0.13808
97.34168,58.8849,6.83125,3.50904,41.65262,0.06423
130.3866,60.03779,5.38304,2.2482,38.07993,0.06549
101.49381,64.72184,6.25986,2.70891,34.33567,0.03488
111.13671,92.32653,4.27061,1.9878,51.12297,0.10682
114.84698,90.23313,3.86682,1.92835,42.84477,0.10301
98.92751,86.98987,5.56209,2.18938,59.84282,0.09505
122.62703,49.71757,5.48239,2.52345,41.40674,0.04736
124.59168,87.22278,5.90497,1.59365,55.19361,0.09189
38.84265,65.39434,5.90991,2.03089,19.90837,0.12349
42.75095,67.18321,7.54492,1.80718,31.2918,0.10686
50.23019,90.88055,7.96331,2.3849,55.03471,0.13274
98.36585,92.95957,5.14478,1.84216,52.55788,0.07181
78.36583,47.52139,4.46718,2.73185,40.01399,0.07363
60.59869,80.86597,9.97641,2.2371,44.89127,0.1174
116.45003,50.68807,6.20438,2.63653,36.36723,0.03782
42.09439,53.59188,7.23291,1.8051,33.91431,0.1108
120.04743,91.67838,5.52776,1.66961,55.09662,0.06904
87.38326,87.03318,5.57255,1.39502,41.36973,0.07194
33.74539,66.13791,6.6561,1.98042,31.30677,0.10009
107.90849,88.41139,5.16254,1.21497,54.07988,0.0951
50.56479,86.30629,8.66885,2.74012,48.08174,0.15628
45.35196,86.99291,7.6028,2.88264,52.71991,0.13024
112.52048,56.07886,4.42079,2.88821,37.5201,0.04965
102.05106,57.59022,4.85974,2.5436,30.97141,0.10964
86.58342,66.54008,5.22185,2.86311,39.27693,0.08008
53.47327,94.44672,8.06646,2.37518,56.25529,0.14134
105.90993,87.71944,6.76365,1.33002,56.01227,0.09082
36.88014,81.27589,8.78372,2.72652,54.62761,0.14636
124.29844,68.80657,6.23937,2.67696,39.28745,0.03294
18.73445,50.56701,6.79014,2.52617,27.58614,0.12979
112.19071,56.43853,5.7168,3.23229,34.96473,0.06534
42.44232,56.64916,6.90739,1.61736,31.10757,0.1015
18.08253,60.84367,7.7686,1.64944,30.17231,0.10429
27.73744,66.86144,6.80652,1.9691,29.77873,0.11375
25.6434,59.50812,8.39961,1.87643,36.64642,0.07817
21.91294,77.89443,7.57462,1.18332,31.43607,0.08034
105.45488,85.0612,5.50368,2.16942,44.8735,0.09512
2.62046,50.83246,7.21725,1.43829,22.04813,0.07395
54.88654,95.80741,7.81142,2.6493,54.79036,0.09806
111.74618,99.12243,4.23286,2.0909,53.97501,0.11448
55.01461,87.18422,8.49091,2.51223,57.10589,0.12445
110.63162,67.88253,6.89477,2.58919,28.41676,0.08425
104.61057,57.7295,6.02216,2.43699,38.29249,0.05217
106.4239,96.91661,6.01046,1.0084,52.1294,0.06412
25.50921,57.25981,6.78356,2.05164,27.41566,0.10603
104.76655,96.3298,5.33209,1.96836,57.61658,0.06859
100.34878,84.53054,5.37996,1.18897,53.13243,0.0684
116.63242,90.0378,6.63849,1.95289,43.14116,0.07378
112.13294,64.67223,5.39167,2.76479,34.21908,0.08595
105.31491,64.64124,6.21863,2.66527,47.30098,0.06579
85.58028,94.44039,4.85383,1.8684,54.23719,0.05472
117.99662,63.35169,5.90953,2.48274,36.69719,0.05145
38.52941,94.74854,8.62977,2.56349,51.07154,0.08859
46.19724,85.97922,8.26868,2.14987,49.47022,0.118
98.28099,66.07525,6.9393,2.99458,34.45079,0.05478
26.16666,54.02582,6.80756,1.75406,39.44822,0.10129
101.51306,61.70813,4.98891,2.66224,29.64506,0.04364
59.73409,89.90274,8.21005,3.00177,56.71886,0.1259
94.49414,90.18645,5.07579,1.08586,46.79414,0.0852
32.67169,63.94977,7.90382,2.3194,23.64881,0.11956
37.35827,54.61856,6.63338,1.40602,36.98044,0.12285
112.42537,81.18182,4.857,1.64203,42.74169,0.07747
27.57846,54.54468,7.15282,2.25933,38.14106,0.10772
53.3993,97.43019,8.54496,2.50737,53.96774,0.12456
5.55913,67.29377,7.52095,1.92986,32.6226,0.10776
90.68337,66.98798,4.16174,3.39267,41.49758,0.06987
115.46538,60.5795,5.54213,2.33819,37.42818,0.03814
89.40304,96.92149,5.75338,1.35319,45.62324,0.09959
56.22454,97.6171,8.42191,2.07917,63.24603,0.12878
105.35899,97.16579,4.44511,1.37941,45.75406,0.08726
96.39398,57.78073,4.70099,2.24592,39.66615,0.05714
23.4178,59.89578,7.21118,1.94182,29.41258,0.10848
34.14698,61.17453,7.32221,1.13218,26.19452,0.14374
57.12278,94.72314,7.88542,2.70094,52.27595,0.12768
61.99487,85.1324,9.08293,2.95478,55.44585,0.11306
106.00348,61.20014,5.2304,2.83732,42.28874,0.0522
27.85286,61.89378,6.61558,1.7128,38.34384,0.10059
116.15057,67.82485,5.83027,3.13007,38.24498,0.04501
47.4274,75.74,8.8771,2.6369,50.34457,0.15023
44.20214,94.01483,8.12278,2.59731,56.52452,0.11794
61.74136,96.45565,7.87558,2.38645,50.24197,0.13379
55.91183,94.66879,8.79157,2.30527,51.12785,0.12419
119.7484,67.79626,4.70319,2.83641,34.90689,0.07477
20.78422,64.79173,6.93545,1.36053,33.17754,0.08592
119.009,69.30802,5.45469,2.31532,32.33574,0.059
23.7106,81.19485,8.42618,3.03943,48.50524,0.12005
44.65799,83.49332,8.28085,2.71571,52.219,0.15304
32.72276,60.66301,8.18442,1.3229,31.89528,0.13569
42.49658,100.14024,9.0165,2.65616,51.14886,0.08355
110.58769,101.24807,5.82161,1.33776,52.0446,0.0791
15.18159,61.74538,7.88534,1.52886,10.51248,0.11731
19.56543,67.61525,6.8325,1.09691,33.77093,0.10683
41.85196,93.29528,9.37851,2.61211,60.00408,0.13101
38.76828,93.65012,7.39159,2.44042,51.51349,0.13294
122.49802,53.02681,5.84078,3.25968,34.88133,0.05154
6.47823,65.64705,7.56605,1.31719,32.40539,0.12117
40.47006,54.69486,6.98703,1.46765,27.15831,0.10452
91.20432,96.87415,5.25885,2.28037,48.4618,0.0964
99.04589,45.59498,4.44173,2.49989,23.63347,0.07564
108.39124,83.85497,6.56947,1.6763,47.9937,0.05722
45.91851,59.94308,7.40773,1.50271,25.71483,0.0797
42.18252,95.80389,8.53742,2.28615,51.28619,0.15956
53.3895,99.13273,7.95457,1.87867,54.28952,0.10122
34.95657,71.60058,8.32339,2.23972,22.79866,0.09405
101.45743,79.71887,6.35173,1.16573,50.73437,0.08158
118.16863,86.46134,4.33506,1.01919,52.34822,0.07757
118.62006,79.23301,4.82441,1.45626,50.6047,0.07572
33.39951,61.9181,6.7883,1.97999,37.0638,0.09632
48.06402,51.62562,7.78953,1.96203,37.54682,0.10694
45.95672,51.9729,7.44666,1.24942,31.87642,0.10024
94.05229,92.26163,4.65376,1.29298,57.43528,0.0901
27.16086,57.43857,7.48643,2.11723,38.54997,0.098
53.20558,84.94562,9.15359,2.17184,55.84056,0.15073
52.05231,84.28105,7.95866,3.16794,61.30516,0.13638
40.27239,60.63286,6.39657,1.58393,28.69818,0.09917
25.46802,63.52523,6.7394,2.46407,21.28054,0.10965
41.63148,92.18876,8.53472,2.04236,55.3751,0.12835
39.62912,87.49188,7.24828,2.73646,51.20285,0.11632
106.65444,99.09048,5.27686,1.57376,45.31352,0.10472
110.24079,60.6962,4.89924,3.0319,33.88597,0.07068
44.5822,88.93891,5.74774,3.13204,55.33369,0.12434
21.8886,56.87311,7.44161,1.62697,41.39869,0.10884
116.5159,58.39322,6.11169,2.47402,42.39326,0.07575
54.49844,87.78238,8.43405,2.19055,52.17704,0.13138
105.93188,84.59643,7.13756,1.1729,51.47462,0.09431
117.97914,65.48065,5.04023,3.55177,35.91073,0.06333
115.98498,89.23241,6.78352,1.6163,44.03594,0.08106
64.70021,79.03836,8.23863,3.1811,52.79494,0.12786
41.81866,83.68254,8.41271,2.60628,54.58609,0.11189
109.4023,63.77406,5.56163,2.83294,24.99645,0.02496
108.05882,49.04162,4.86981,3.1115,33.64848,0.04399
33.88506,68.35526,7.7409,2.10932,29.42491,0.10318
103.10446,100.11868,6.11795,1.30077,47.38988,0.08084
38.53129,88.76565,7.14643,2.91415,51.15448,0.14712
65.12766,97.2142,9.56428,2.27058,55.24487,0.16143
119.85465,86.19885,5.81509,1.48544,48.33286,0.08919
57.27271,94.98482,8.13309,2.89184,49.62068,0.11457
65.10622,102.11964,7.46174,1.85704,47.89741,0.15363
106.62659,88.63966,5.14407,1.80334,53.99935,0.11045
10.58985,66.91602,6.38677,1.78995,29.36222,0.12792
83.02888,53.65181,6.68112,2.92503,45.75268,0.0914
54.94916,74.84132,8.12637,1.99801,54.09497,0.15498
58.44088,105.30708,8.47978,2.88831,61.01758,0.10036
39.14352,66.27016,7.48393,0.91075,27.98257,0.09419
19.4057,52.89252,6.68363,1.53428,37.6552,0.08675
105.17926,59.62597,6.6279,2.72667,38.73684,0.06377
115.53117,54.43944,5.62979,2.82432,40.6896,0.08068
51.76679,92.08758,8.70949,2.16568,61.79495,0.11948
87.26205,91.76329,5.49033,1.19111,45.57804,0.09612
85.95917,79.01032,4.79652,1.39633,58.40932,0.05932
119.34828,88.26479,5.37682,1.80305,49.47888,0.12662
85.52955,74.05592,6.50739,3.35555,46.60925,0.07152
25.51936,51.61577,6.97386,1.9279,29.81825,0.09383
108.82592,83.295,4.83979,1.1387,49.55913,0.10108
107.53134,59.47289,5.45497,2.23318,40.14919,0.05647
43.33331,100.68487,8.4611,2.15598,58.16867,0.1324
110.51701,91.89436,5.9694,1.44473,46.29795,0.06281
116.66197,69.91112,5.70467,2.60233,38.14258,0.07122
39.04017,60.07348,7.18962,1.01847,32.4338,0.101
103.63207,72.56256,6.23869,2.75041,41.19787,0.04809
104.68668,57.40689,5.42908,2.67851,37.15911,0.08466
18.70045,61.45341,5.91621,1.82139,34.16078,0.09811
42.24736,61.13259,7.5485,1.39247,31.09593,0.09087
99.80193,64.76273,5.19651,2.91663,34.70155,0.05187
100.88214,93.31922,4.71988,1.58618,43.89541,0.06068
103.16009,82.99021,4.09169,1.3185,42.42318,0.10905
89.09841,83.24309,4.62386,1.82261,48.66231,0.06487
25.93978,66.11032,7.24178,1.88832,35.98071,0.1143
51.13198,98.41691,8.19959,2.04806,53.55847,0.16086
39.57397,90.86575,9.46501,2.56843,57.16175,0.1438
31.39947,60.14531,6.67425,1.23808,25.88276,0.16369
105.32848,82.08886,4.34956,1.5978,42.66231,0.08099
117.71398,93.74455,6.39187,1.56764,62.99887,0.09843
50.92694,92.70498,8.00119,3.04409,57.7202,0.12799
15.51669,47.46543,8.31613,1.67239,31.34212,0.11485
51.52872,90.75414,7.59745,2.55543,57.07113,0.13513
101.51298,59.3413,6.10496,2.67753,30.01571,0.05847
87.07105,91.69707,6.54008,1.8756,44.60463,0.08715
69.21858,96.35632,6.72203,2.16697,47.86228,0.18562
56.06155,89.33208,9.86867,2.78962,51.04997,0.11049
95.31993,81.30251,4.8626,1.10495,40.00592,0.10533
41.11994,85.49948,7.41604,2.21156,59.36463,0.09527
102.39802,87.36662,4.96136,2.20697,43.88016,0.136
109.46883,87.29403,5.45187,0.99008,51.29292,0.05001
123.3961,61.15001,6.25957,2.94128,29.75741,0.04619
101.84556,64.30402,6.04453,2.49013,35.72862,0.08889
23.115,80.09052,7.04969,2.69423,59.33653,0.13325
33.15193,95.62675,6.88552,2.55552,54.15731,0.11875
83.16879,71.99108,6.0329,2.87928,29.46537,0.0495
106.46951,48.72846,6.00373,2.66102,32.71713,0.09083
106.04637,60.43852,4.25269,2.60686,35.91704,0.07695
51.5926,85.0363,9.24324,2.43894,55.20388,0.11214
24.68243,62.00098,6.80173,1.32182,33.40542,0.12186
102.80287,85.48214,4.65179,1.48162,49.28828,0.0653
101.84164,94.30305,5.50654,1.8829,50.96604,0.0936
92.50834,68.02213,5.42317,3.51078,47.02412,0.06541
111.75001,89.11593,6.01054,1.17124,50.42849,0.06406
41.00905,83.47156,7.56104,2.89495,60.45504,0.13171
92.23045,93.89909,6.16435,1.3725,42.77475,0.10613
100.47041,79.20336,3.59877,1.88906,50.6785,0.08952
26.11846,87.4751,6.9777,2.28241,62.16596,0.13132
105.58782,96.89681,5.29305,2.07706,42.78901,0.07209
20.77366,53.47468,7.64725,1.63374,34.40359,0.09143
93.67636,88.42724,4.54452,1.2939,39.51697,0.08875
112.98755,62.07138,6.73842,2.28789,38.4769,0.09683
92.81693,50.46671,5.88122,3.30946,32.68542,0.05774
114.48913,93.14445,4.61219,1.57355,48.34877,0.07312
113.85253,69.55693,3.94724,2.91074,31.65977,0.06126
39.34474,86.26608,7.95298,2.87437,52.83774,0.12653
47.44408,91.21333,8.09023,2.4913,58.7059,0.12718
95.09907,66.18673,6.30379,2.68943,36.28021,0.06787
62.90147,67.12163,6.87977,2.25493,26.83578,0.10851
30.49898,69.49962,5.88993,2.02249,28.11156,0.11896
100.60616,65.84836,4.97645,3.02521,38.66512,0.07477
56.44473,84.72686,9.01562,2.00024,57.18639,0.13396
112.28646,84.35598,5.8663,2.28517,51.20878,0.09032
98.47782,96.28879,7.34215,1.50922,43.18357,0.05983
34.54343,87.05754,7.60345,2.9105,54.98216,0.17862
81.72604,82.60588,7.60151,2.36601,60.9258,0.14057
29.28154,82.05615,9.05691,3.02845,50.11194,0.16275
38.89066,60.38903,7.89368,2.28997,25.4165,0.0821
125.36238,92.58645,4.84827,1.2019,58.60412,0.09163
28.61719,99.19497,7.20813,2.76804,57.53363,0.17558
7.13312,71.08789,7.50679,1.75987,35.41905,0.12141
109.29342,89.61658,5.39178,1.28549,52.30707,0.10912
49.77164,94.25104,7.9434,2.22656,55.03389,0.16045
45.25888,58.6059,7.61846,1.72485,27.13615,0.09952
112.36527,66.46851,4.1984,3.19515,36.79185,0.06918
106.20575,53.43771,6.09518,2.31499,34.32058,0.0657
85.14102,93.50239,5.67891,1.86442,49.28706,0.07879
39.12697,67.4567,7.16571,1.78877,24.60873,0.05342
88.7355,63.58132,5.97491,2.7721,41.69629,0.0552
81.1408,78.14779,5.79193,1.5872,40.87714,0.07812
51.55659,79.15476,7.46303,2.97179,52.46252,0.12977
66.36536,89.98849,8.20551,2.79226,53.46249,0.14012
87.89932,93.10537,4.98809,1.98954,41.75455,0.08357
57.89516,84.42952,9.85034,2.56205,53.39018,0.1314
91.89568,89.70017,3.69096,1.37228,50.66964,0.06956
119.3646,93.97707,6.01746,1.24253,48.30585,0.09139
117.2775,86.90998,4.81103,1.46892,44.79016,0.0663
92.0595,102.1399,4.19586,1.43372,45.48887,0.05851
107.98782,97.9777,5.34717,1.29941,54.58317,0.09151
32.69611,59.12256,5.80083,2.29445,29.92196,0.10199
107.73666,94.83898,4.89453,1.41905,54.68412,0.07281
44.87243,85.44231,8.57392,2.91562,62.8933,0.16846
42.21634,89.17825,9.45771,1.87208,52.262,0.09987
47.1983,96.56159,8.32499,2.65763,46.50145,0.13134
47.19698,85.37558,8.32002,2.39396,53.73598,0.15352
116.33323,54.02433,4.9022,2.72941,37.20134,0.07075
118.76193,56.17131,5.34271,2.97897,41.95464,0.07267
83.20812,89.84679,4.34706,1.56145,55.87784,0.09075
104.9149,93.54007,4.52881,1.52841,55.3457,0.05311
115.99416,91.29196,5.68707,1.25799,54.04294,0.12573
55.60813,57.59556,6.40388,1.91702,25.38885,0.10416
107.15366,82.06724,6.283,1.86305,50.15367,0.06117
61.68036,86.56712,8.71813,2.35704,49.44759,0.16863
31.08076,96.16586,8.34976,2.42095,57.03263,0.09771
30.06639,61.66628,6.99984,2.22786,27.29393,0.10101
69.25018,91.8806,7.7737,2.34371,43.65869,0.12182
51.93605,61.52979,8.08034,1.29688,42.39675,0.09503
44.52406,93.66336,7.66629,2.39009,55.6803,0.13036
100.54679,98.6,7.16777,0.76325,45.39705,0.09627
107.60802,62.2617,5.15018,3.12829,35.84584,0.0698
37.08968,95.08086,9.00576,2.21974,50.5424,0.15282
62.24884,57.71872,6.74979,1.43538,24.97952,0.09441
29.946,60.30874,6.92873,1.93603,35.64365,0.09731
57.9349,84.00595,9.89679,2.81443,61.14326,0.11663
100.88929,59.1589,5.8611,2.14904,35.96036,0.06082
100.37291,92.71197,7.12712,1.69228,50.78796,0.08565
50.94105,53.94665,6.38147,1.79451,30.4008,0.0953
29.0271,56.46379,5.87002,1.84168,21.96439,0.11127
31.10661,48.12814,7.22851,1.70331,26.35701,0.06089
28.35973,62.01798,7.57082,1.36058,37.05056,0.18062
113.29976,100.09912,4.59479,1.28135,60.37201,0.11655
88.81625,69.11513,5.18224,2.3187,37.26106,0.07478
96.65099,94.17021,5.44957,1.53755,52.08342,0.06351
115.35937,50.72523,6.6226,2.73802,37.43406,0.0999
118.94202,89.8581,5.43303,1.48382,47.22436,0.07921
90.1228,91.66192,4.17412,2.50606,60.72854,0.07379
29.0269,88.95058,7.00908,2.64022,56.95881,0.11367
69.56513,98.8756,8.52769,3.15208,51.17387,0.10797
86.1007,56.20217,5.00512,3.10348,40.76576,0.05728
66.23486,79.90368,8.50782,2.5039,55.98606,0.15683
92.59924,60.96362,5.91172,2.58133,40.67679,0.03561
115.85143,88.22646,4.1558,1.78613,44.03203,0.05124
33.52698,72.02901,8.99949,2.97943,52.07408,0.13346
42.11181,90.6156,8.67488,2.74052,50.24206,0.12466
131.49991,64.81888,5.82249,3.04917,39.76859,0.07602
92.10586,52.18268,5.28395,2.38278,35.89545,0.0555
23.21462,60.65184,7.75579,2.0415,32.33589,0.0834
32.90209,56.39958,6.25516,1.21005,25.75458,0.08366
60.31557,81.35393,8.30613,2.42528,52.09572,0.14
33.87111,87.73789,8.15311,2.44759,46.79336,0.11994
37.05341,60.71501,7.75071,1.67126,34.79821,0.09692
100.95057,68.42495,4.6837,2.76603,30.01816,0.07757
20.29228,43.68824,6.43611,2.0934,42.59443,0.10932
61.83413,84.11993,6.88799,2.50525,54.47103,0.11938
94.70553,84.38008,5.63016,1.50761,41.19741,0.10929
48.6233,95.74572,8.80754,2.86832,43.56945,0.13475
22.81173,54.08664,6.58021,2.16033,27.62638,0.10923
33.1797,48.32855,6.37962,1.30864,42.66902,0.08964
65.09074,97.73136,7.75895,2.55322,47.60991,0.12607
55.65688,101.97687,8.00432,2.96093,55.54467,0.14364
131.61403,91.63236,4.57642,1.61947,43.82829,0.08741
22.51399,95.46963,7.94862,2.82611,66.92561,0.14832
50.88492,100.44681,7.91889,1.86766,54.49385,0.1585
52.47888,92.9603,8.48227,2.38536,52.38951,0.14309
103.972,99.72842,5.69429,1.9875,48.1101,0.12802
99.32705,63.53769,6.30518,1.90816,34.40807,0.05038
19.34251,53.86406,6.90943,1.43554,43.06692,0.10514
78.50639,54.12077,5.07745,2.85772,33.75898,0.08044
106.90389,99.11494,4.59522,1.73375,46.14488,0.10493
14.5773,54.27977,6.00883,1.9801,31.22694,0.14508
116.9692,53.49614,4.78351,2.46836,37.87166,0.08171
37.00623,95.81807,7.90809,2.10116,57.78858,0.13528
48.5353,94.1764,7.74495,2.6557,57.39229,0.09697
35.56779,67.68214,7.10836,1.68623,28.54307,0.12804
46.40367,100.80527,7.57762,3.15573,50.34271,0.10671
39.05686,66.53876,6.34324,1.4865,37.74072,0.12455
43.65517,91.50212,7.83296,2.47747,55.35339,0.15276
111.57252,63.29204,5.57687,2.90775,34.12095,0.03877
94.4876,81.47761,4.43072,2.07568,48.81493,0.08335
115.59817,60.06059,5.92439,2.35711,35.46601,0.05582
31.24267,69.77546,8.66411,2.12268,18.73113,0.06765
117.57764,90.8183,5.19514,1.12822,44.01267,0.1143
45.33759,60.34103,5.93629,1.28804,38.50902,0.1252
68.64784,92.70245,4.86932,1.62366,44.14664,0.07667
100.72196,86.76371,6.29447,2.02721,49.92528,0.07404
52.68434,92.85864,8.6885,2.42932,51.54557,0.11144
37.20923,58.53157,6.67013,1.18221,35.88978,0.08512
39.35558,84.99693,8.59276,2.24183,55.84919,0.15181
44.58626,59.13369,7.03966,2.25552,32.28283,0.0928
50.28219,95.00546,7.96079,2.31951,54.58241,0.14164
101.92892,64.97511,5.91325,2.96854,26.45581,0.04378
98.70935,84.82189,5.83196,1.36059,49.12002,0.09953
103.61903,69.13092,3.76997,2.97466,34.81865,0.07737
95.61404,94.0272,5.00973,1.32742,43.35014,0.06545
51.73891,104.69732,9.74229,2.57612,50.19932,0.14411
49.34986,88.18121,8.28467,2.55329,54.51343,0.12322
117.95115,45.78736,5.49976,2.98559,36.25321,0.05972
38.77925,99.25506,8.57275,2.81013,49.83448,0.1453
41.20539,58.01444,7.62085,2.19607,28.49999,0.13238
86.55448,62.96136,4.5577,2.66708,30.228,0.08552
55.21251,95.42908,7.83515,2.38077,46.93147,0.11998
38.45114,95.05889,9.30215,2.6844,52.36332,0.15557
58.66748,60.60602,6.53124,1.11872,21.38993,0.13534
55.17153,84.46725,8.04449,2.73365,53.37721,0.11914
109.75794,91.99612,5.42237,1.54967,51.45445,0.02692
83.43496,58.94178,5.17041,2.87696,33.76271,0.07382
82.17104,65.05319,6.44524,2.24535,34.01302,0.005
102.40352,96.66959,5.43995,1.60799,40.06335,0.07249
106.40726,94.62492,5.0818,1.45679,41.82234,0.0893
28.64215,62.2321,7.44796,1.77149,31.42966,0.08117
34.61927,61.78334,7.15516,2.12892,43.27861,0.12284
3.62621,57.84035,6.52676,1.61047,32.42297,0.10458
35.50287,50.02684,7.66886,1.49768,35.35771,0.13798
1.47882,58.42154,5.58847,1.11661,27.27555,0.1424
108.12863,93.311,4.78625,1.28396,43.64702,0.06763
52.95774,99.43652,7.42239,2.63186,45.12482,0.12164
46.23686,88.53659,8.15351,2.53801,49.87681,0.1593
50.20877,89.24065,8.04597,2.11704,51.50164,0.12034
108.29932,57.93672,4.39521,2.24564,42.55578,0.08324
23.79295,90.35256,9.37746,2.16685,46.81125,0.12287
126.11399,76.70224,5.84561,2.34823,47.52556,0.05923
81.49937,95.77547,4.68715,1.17738,54.34359,0.08528
94.76554,61.77542,6.28296,2.60853,40.90677,0.05369
32.26467,63.60774,7.19098,1.5456,28.46601,0.12313
99.24467,61.01108,5.37022,3.0844,34.68581,0.09211
108.45783,91.99856,4.05218,2.22581,51.12494,0.07878
114.33827,94.35509,5.30645,1.35549,44.54652,0.09376
110.33781,88.4932,4.96717,1.51637,57.1929,0.08013
31.80515,54.65775,7.05757,2.52168,28.59024,0.11207
124.99574,87.66872,5.01331,1.78788,53.27215,0.08727
63.35776,92.49765,8.52364,2.27775,49.18941,0.11954
48.9072,69.16695,7.74746,1.45927,27.49982,0.12042
26.86642,57.32626,7.21082,1.34457,33.45869,0.09016
27.18754,56.35078,7.14781,1.95648,32.7448,0.16129
22.54764,102.12618,8.84468,2.68525,53.32548,0.16301
45.55393,87.02564,8.63447,2.4588,46.33916,0.15453
113.26286,88.63279,6.00421,1.62554,34.78027,0.12197
38.3367,57.93722,7.30259,1.30028,38.07805,0.11372
103.40655,52.282,6.66293,2.87828,38.60377,0.05782
111.63068,86.24018,4.20885,1.90973,45.91104,0.08972
23.72112,94.03473,8.86971,2.50047,56.24298,0.12757
50.92451,59.15501,6.21218,1.54279,33.43553,0.12281
83.01028,85.24261,6.21107,2.20886,50.4643,0.10034
90.11478,67.11928,5.60687,2.58377,34.21096,0.08118
38.95942,68.75069,5.77739,1.82554,25.51558,0.09865
128.71401,90.2744,6.41088,1.76752,54.22735,0.09254
67.98891,70.73701,6.0979,3.1436,40.07022,0.0763
120.09366,97.52463,4.63714,1.24805,52.34556,0.09633
24.51978,84.44662,8.12567,2.18778,62.21257,0.11057
101.52573,58.73434,6.30085,2.30732,37.59479,0.06832
34.95422,67.19786,8.86185,1.86238,26.28877,0.11396
122.25736,88.75882,5.15931,2.0048,48.22512,0.07442
96.93828,64.26963,6.16002,2.20156,27.72791,0.05537
45.17269,56.80031,6.43316,2.08005,37.63853,0.13204
107.20446,90.89975,5.88919,1.64531,53.52506,0.08982
26.62533,55.6494,7.4418,1.26832,37.03832,0.11004
113.76137,104.49602,4.77336,1.48512,48.77451,0.11769
19.73672,58.59498,7.89729,2.02931,31.77602,0.11394
48.28498,93.92155,8.2785,2.1008,60.7426,0.11807
46.63206,49.79672,6.14961,1.99367,36.9341,0.05621
14.89783,51.38893,6.58483,1.85865,29.32834,0.08882
100.29514,83.27494,4.12379,1.30306,49.49559,0.08847
29.62582,60.98453,7.39143,1.47165,32.79616,0.11048
34.42238,82.40555,7.79267,2.34646,53.74593,0.13138
98.60734,61.83614,5.00421,2.97548,38.41504,0.10272
118.5053,87.62781,5.27181,1.57771,65.15215,0.09692
100.82676,62.76913,5.41017,3.7201,40.47799,0.06745
103.98819,105.81711,5.11925,1.66786,50.61599,0.09167
21.8923,57.67136,6.74976,1.55739,28.99893,0.08723
93.11091,56.19965,5.74528,3.17008,40.45956,0.03444
104.22367,80.37201,3.73176,1.38646,50.67748,0.0622
24.11244,57.38215,7.02498,2.25888,31.94995,0.13581
31.86069,58.61242,7.43546,2.09029,23.0261,0.10101
102.38454,96.82497,5.61776,1.30089,55.80455,0.10266
106.50777,60.62614,4.80999,2.68235,32.99202,0.06919
91.23818,80.54108,3.75438,1.19153,57.31503,0.07833
43.65855,88.37995,8.67097,2.21339,49.49064,0.0939
89.79486,90.64445,4.2544,2.38448,38.27916,0.03334
89.39816,90.46752,4.38288,1.37982,44.18052,0.09489
40.0853,96.50852,7.65729,2.75163,48.63977,0.14263
98.2293,86.27851,4.86214,2.27936,51.56136,0.07348
95.08131,50.79129,5.24057,2.40641,42.3402,0.06302
103.24153,67.95244,5.26557,3.67203,44.06563,0.06452
36.00486,75.84911,9.8092,2.53157,60.58587,0.12895
33.78816,66.87353,6.88467,2.09915,31.81714,0.08054
92.93528,86.45156,4.11152,2.06291,49.42785,0.05905
47.78319,91.67195,8.45683,2.50527,53.23177,0.16464
28.68544,45.21041,8.16918,2.45128,25.99927,0.08937
117.0397,85.20841,5.9511,1.46597,44.75146,0.08328
42.34991,94.57208,8.75724,2.40585,55.02732,0.11998
11.50307,54.54665,6.73618,1.69585,26.80557,0.07353
27.90669,58.40085,7.07276,1.59502,30.75655,0.12939
37.68323,51.8901,6.30779,1.26184,31.99023,0.09313
94.06243,69.35327,4.35731,2.87166,34.85484,0.05153
118.11503,92.49732,5.78156,1.60444,45.37411,0.05346
39.37417,64.38297,5.70408,2.30705,31.26456,0.11973
111.4885,70.10512,6.45319,3.14147,40.64917,0.0601
96.93022,56.62404,4.65782,2.07914,33.8479,0.0535
110.01459,93.52554,4.50531,1.6274,46.62752,0.10521
50.77017,79.19067,8.9195,2.42733,48.38721,0.11682
122.34928,61.21895,6.29771,3.17403,41.93616,0.10766
107.41042,93.88893,5.24069,1.31117,48.04434,0.09337
48.60973,92.35414,9.69528,2.39376,52.60419,0.12629
61.53395,83.24617,8.02423,2.16625,51.82523,0.10825
91.05155,58.76713,5.78864,3.34368,39.17029,0.01285
42.89486,66.3179,7.46096,1.23142,45.84963,0.1252
46.01939,60.04671,7.55141,1.00591,30.22123,0.1583
113.7707,60.18855,5.30068,2.30653,36.24706,0.08457
48.93087,91.26112,10.52587,2.52822,53.7311,0.13481
97.64534,54.70233,5.94531,2.50766,41.60117,0.0274
106.23373,61.98656,5.44485,4.05666,35.59352,0.05202
30.69342,63.71649,6.63096,1.94248,23.32376,0.11374
16.22992,61.61014,7.55821,2.29782,40.93782,0.11822
48.23918,90.83958,7.76366,2.92178,52.28975,0.10932
50.38445,91.10438,8.46482,2.53097,47.55717,0.1307
29.48591,58.0803,7.28874,2.00506,28.23597,0.13863
101.61013,87.62281,6.01849,0.75485,53.42048,0.08316
35.23649,57.70756,8.32497,1.43715,30.1534,0.11001
46.84136,91.20264,8.75102,2.92709,55.13055,0.13726
39.1653,86.82719,8.14001,1.90089,54.22626,0.14283
47.01626,63.62343,6.73856,2.58152,25.99805,0.11035
100.05732,61.5005,5.34606,3.95536,32.5384,0.09168
41.3832,69.51916,8.08741,1.63174,29.95216,0.11638
83.60448,51.85878,4.92368,2.55039,34.42086,0.07233
87.74584,87.23736,5.31962,1.25978,51.74105,0.09414
23.81813,61.50414,6.43202,2.28166,24.36661,0.10235
119.79153,56.90263,5.17203,3.21894,39.06429,0.05722
97.13763,97.61302,4.53629,1.85514,49.19405,0.09896
128.12736,47.83778,4.95403,2.77047,34.20558,0.05388
22.57042,91.63562,7.62501,2.4985,63.6705,0.1511
40.76663,98.29723,8.33908,2.95746,47.42726,0.12299
104.83254,69.2377,6.06689,2.82617,49.00152,0.06934
76.06947,53.98003,6.19713,2.72774,46.66769,0.09782
33.04239,67.70104,6.5471,1.44184,34.62753,0.11078
44.66294,62.49188,8.67821,1.53182,27.30925,0.07929
103.39707,65.52803,5.69634,3.6511,34.84439,0.09507
29.917,107.69884,10.32533,2.46124,54.53909,0.13032
39.39355,56.31306,5.29502,1.86675,20.64527,0.09848
38.03179,54.51878,7.78372,2.15049,31.37972,0.09805
33.25231,65.48219,7.45296,1.83909,33.73656,0.08656
29.67762,62.12569,6.82962,2.06831,28.49829,0.1027
83.22553,80.86054,4.84084,1.91255,57.17661,0.0826
63.47075,94.87864,8.15548,2.72325,51.1969,0.12719
89.00823,52.72705,6.45172,2.69136,36.04429,0.07366
42.07732,82.40669,8.61404,2.8346,53.48935,0.13833
123.2578,85.58011,5.41954,1.78089,44.80528,0.04069
100.60483,69.61693,5.7412,3.27656,30.8614,0.07021
39.92398,68.77004,7.00579,1.75595,39.46168,0.11294
111.77738,87.24582,5.50958,1.24059,47.84346,0.10051
102.24268,61.06283,5.47689,2.72826,30.99976,0.03193
31.8554,54.57837,7.89262,1.56113,35.00048,0.11521
26.61473,86.01085,8.32576,2.81335,54.81435,0.14033
48.97962,88.1154,6.68866,3.22231,51.95078,0.11261
39.15151,87.45122,8.77645,2.8238,67.51605,0.13292
26.88923,61.99017,7.0803,1.34019,28.15886,0.10483
104.18297,96.79989,4.47012,1.77934,60.72356,0.07787
44.13028,107.65074,7.8626,2.81309,59.21917,0.12889
93.28143,90.79558,5.49525,1.11564,42.39332,0.1033
104.06751,74.33755,5.32529,1.61464,52.41351,0.08179
95.18846,65.43035,4.72713,3.04991,41.59872,0.06168
28.65098,58.5069,8.03963,1.91033,35.07729,0.09264
90.85932,94.62055,5.55943,1.46623,48.40375,0.07339
44.9677,92.25311,8.96118,2.36228,53.24363,0.16143
104.15959,70.07942,6.30926,3.02887,42.63797,0.03869
52.70398,97.93391,7.86844,2.19881,53.31066,0.13675
61.2102,87.72258,8.96188,2.5204,53.34471,0.12321
14.81886,47.23557,7.87438,2.42569,27.10401,0.10513
27.18272,72.68632,7.2779,2.07686,32.69887,0.09086
21.66013,58.823,7.95107,1.59214,23.7667,0.11826
48.92353,54.70491,7.7776,1.23629,26.79038,0.10067
98.88482,68.5463,5.31829,3.06364,39.29312,0.02542
94.43635,59.39108,5.59291,2.60989,47.03658,0.05012
47.36351,59.76512,7.41828,1.94319,33.19799,0.11588
88.83558,82.64129,5.57553,1.55184,54.49458,0.06978
54.88101,79.83735,7.90152,3.14411,59.1916,0.12864
35.95911,79.78879,7.93118,2.55254,48.40156,0.15633
39.80832,59.61253,8.78415,2.15449,31.52231,0.10068
58.87597,98.57164,8.43528,3.24971,56.44677,0.14954
45.86278,53.70572,8.70299,1.79315,34.5432,0.11636
100.79637,60.5995,5.22163,2.68961,39.26232,0.04782
43.06109,88.92833,9.46826,2.77028,52.98229,0.15442
89.55526,88.13222,4.95587,1.47,52.13681,0.06275
91.57846,82.30466,3.67646,1.57267,53.51956,0.0763
39.46223,60.95964,6.6032,2.01748,33.82111,0.08812
95.73282,61.31069,5.25637,2.30288,28.7364,0.09518
106.23621,95.49816,4.60994,1.76558,44.06108,0.07382
129.22871,90.08846,5.44322,1.78174,47.37797,0.058
114.65177,87.00444,5.06296,1.22478,45.73081,0.07754
10.07969,57.50707,8.66486,1.97781,29.59406,0.10253
91.11843,70.7857,5.83302,3.29185,45.13606,0.04528
20.38359,70.43323,7.48596,1.91439,26.85282,0.11181
102.16873,71.72565,2.60075,2.79371,33.00161,0.05562
40.16383,51.1846,7.67849,1.64968,28.36583,0.08726
25.7938,65.43536,6.46493,1.73939,38.05976,0.07505
21.16341,69.5733,9.00212,1.84038,21.82439,0.15288
94.78727,62.38447,6.43186,2.89642,39.18387,0.07243
43.428,95.79483,7.72849,2.52329,49.63532,0.12846
18.10296,71.9297,6.54036,2.11674,32.87814,0.07935
81.79261,63.29478,5.62935,2.46657,37.39444,0.07759
92.68215,63.40662,6.33041,3.36105,34.40538,0.07938
80.15874,64.00094,5.35673,3.20187,42.85845,0.07047
44.00003,67.84458,8.33752,1.39059,33.56505,0.10844
102.17647,90.23633,5.54216,1.55273,49.84427,0.10211
46.18989,62.93206,7.29302,1.54546,30.54531,0.12273
36.19397,50.05215,7.23833,1.84135,33.35008,0.09536
28.80614,87.81086,9.69249,2.67943,59.35211,0.12699
106.02054,63.92837,5.23624,2.79318,43.00446,0.08802
48.35832,95.43155,8.5736,2.38094,52.85108,0.12646
106.93516,89.12715,5.43142,0.9154,54.84345,0.0569
132.33378,52.77226,4.97723,2.84472,32.6928,0.05372
105.37896,69.18181,4.97643,2.37357,31.28283,0.03107
63.54062,69.55286,7.2277,1.64293,24.51778,0.10858
39.65835,60.53446,6.21554,1.90619,33.28272,0.09679
26.16451,88.11005,8.88363,1.89118,50.10216,0.14982
36.52686,89.47571,8.39922,2.6258,59.37462,0.09915
117.50436,58.24841,4.60675,2.12898,29.28083,0.05379
101.86132,91.31825,5.07579,2.01129,51.53395,0.0812
37.45852,86.71534,7.42535,2.87375,49.69638,0.13567
92.08411,56.93855,5.36643,2.53582,42.36868,0.07461
36.5677,84.76366,8.10746,2.72792,55.48528,0.11322
119.73683,93.99343,5.00075,1.89025,50.79384,0.08269
90.22229,62.06429,6.17105,3.75323,41.15983,0.06771
111.64821,82.61067,5.7952,1.33458,48.21926,0.06312
114.39992,80.10921,4.12211,1.68981,52.71825,0.07961
110.22961,83.53004,4.79646,2.10837,49.21868,0.0658
77.59244,82.7812,4.90097,1.0417,40.53581,0.09895
34.93879,90.52233,7.75889,2.88723,45.39869,0.10771
45.3275,59.07341,6.74754,2.13343,33.12924,0.12467
116.03888,65.67749,5.11926,2.73718,42.49736,0.05085
102.11624,71.67846,6.0662,2.61112,38.59076,0.07722
43.88447,93.98444,8.72237,3.14739,51.24481,0.13606
105.62448,89.603,4.96788,1.82144,48.27629,0.10251
56.49842,95.18712,8.6717,2.13858,50.72281,0.13837
110.89111,84.19111,4.73154,1.85567,45.41832,0.05832
105.10453,88.49053,6.95163,1.9132,47.71483,0.11837
90.06835,68.84131,5.21725,2.89457,39.95273,0.10808
23.73147,54.23248,7.17257,1.16182,30.05833,0.0879
51.4736,95.23579,6.15946,2.83214,54.27988,0.12167
12.13564,59.56044,6.76675,1.08067,30.05698,0.08144
42.85565,91.16829,8.84047,2.8341,63.46206,0.11601
28.13289,69.85871,7.35315,1.57322,28.60228,0.10778
94.52588,57.8034,4.48133,2.60028,49.9714,0.05745
95.69289,84.37768,5.39934,0.79628,39.02006,0.09153
46.64922,97.89855,8.67477,2.75812,60.20466,0.14056
115.55066,90.45938,6.69121,1.79584,46.38056,0.10062
33.20897,93.67664,7.32553,2.2322,49.15495,0.13085
53.75914,60.75773,7.1492,1.54766,30.58547,0.1104
52.90602,98.65083,10.07791,2.69979,51.76326,0.11102
100.87856,79.01613,5.37691,1.20349,48.51945,0.08461
38.15843,60.64236,7.75758,2.16799,37.95131,0.112
130.21347,90.92662,3.76663,1.16522,56.24524,0.0888
49.3517,92.07571,8.3809,2.5706,54.17486,0.14464
108.07968,90.86757,7.09682,1.59538,41.25402,0.08184
31.32622,50.48152,6.87622,1.47512,31.63459,0.07584
92.26508,66.11681,4.46549,1.76183,35.67308,0.0467
93.75137,48.65478,6.785,2.23787,35.67817,0.06976
58.89855,96.37376,8.47929,2.74047,51.40635,0.13846
41.02306,56.00914,6.61653,2.082,31.99822,0.11351
78.34971,68.40322,5.46499,2.39819,40.22001,0.04169
100.14037,69.3499,3.34735,2.67805,45.00973,0.04608
42.86911,93.24007,7.82355,2.27581,52.72882,0.13012
34.78013,66.19403,7.93492,1.7514,23.72392,0.10508
53.55299,87.81653,7.996,1.80236,57.43749,0.16094
122.19167,51.01438,5.13492,3.00119,34.94252,0.10229
118.08624,97.44852,5.17198,1.73658,37.3027,0.09687
115.81466,98.0658,3.76096,1.33784,52.62806,0.05649
99.58623,102.23321,4.26203,1.81703,54.70552,0.07425
46.89999,56.85029,6.29165,1.87944,28.46185,0.0993
108.91351,91.62605,5.83621,1.64942,57.50356,0.08362
50.95851,85.63371,7.76595,2.8082,48.82466,0.14818
115.56992,93.55084,4.58567,1.50486,50.2222,0.09928
106.72271,88.88691,3.84049,1.32643,47.28093,0.06795
110.05116,77.80614,4.02825,2.22984,42.40984,0.11131
50.86608,50.26378,8.00249,1.24322,34.8468,0.09157
109.59795,70.5773,3.93702,2.57798,32.90865,0.0639
104.0086,62.53663,5.67566,2.97471,44.50538,0.08006
100.43467,90.20204,4.84216,1.61265,44.8644,0.11416
33.79833,61.76883,6.59885,1.89231,35.16011,0.128
97.39075,89.19667,4.4833,1.71069,50.0957,0.0997
92.68849,53.63894,5.94324,2.74206,40.7367,0.05189
99.25873,82.0758,5.33318,1.57555,55.02249,0.11127
107.91444,51.91685,4.64582,3.44517,33.88535,0.09832
89.6482,102.79595,5.16454,1.02581,49.92366,0.0964
112.01851,51.17386,5.25802,2.92344,34.47514,0.06044
30.48403,70.25381,6.98229,1.97093,33.2009,0.11108
34.02358,56.34821,7.75495,2.17933,28.10375,0.10093
45.86365,94.49793,8.73118,2.17788,43.64365,0.11814
12.47475,56.86772,7.09516,1.9165,33.04569,0.12773
38.77612,94.63794,8.25854,2.34807,48.13892,0.1419
99.22464,91.29078,4.88298,1.47088,44.02986,0.06349
106.97006,92.60233,5.45931,1.8492,48.41786,0.05364
37.59124,82.20702,8.93669,2.37959,46.55541,0.13051
93.02986,62.06376,4.66302,2.79874,35.92011,0.09811
95.31983,57.89481,5.16308,3.00983,45.57875,0.05749
91.65195,77.07521,5.05314,3.16422,42.21237,0.10732
32.75462,46.93767,7.82254,2.00468,30.30508,0.11297
55.08015,99.29704,8.72981,2.84039,52.62309,0.10846
53.7739,52.53163,7.41468,1.81908,25.97269,0.08181
102.92511,66.41223,6.0036,2.68151,38.3696,0.04022
54.50786,62.88631,7.56282,1.90109,30.66061,0.12088
58.65394,92.62272,7.3479,3.05295,50.00854,0.12161
107.53993,63.97879,4.3579,2.6231,34.12805,0.07958
92.34519,57.53114,6.42626,2.94193,38.06798,0.08086
47.33957,87.33589,8.86276,2.99929,48.97395,0.13585
109.93254,93.72997,4.18065,1.60994,46.12628,0.08365
49.64517,65.53879,6.33322,1.75647,23.97082,0.14447
101.0782,58.70831,5.96038,3.37335,27.07573,0.06151
110.85578,91.27483,5.30983,1.24247,48.32654,0.08368
98.90888,64.779,5.26226,2.82462,34.61027,0.05994
39.76283,59.28958,6.81349,1.96066,37.66365,0.12394
126.47851,82.37398,4.78284,1.55947,54.32212,0.08229
113.06387,92.7752,4.20978,1.24571,52.52767,0.11421
118.91185,56.33697,5.94973,2.98037,42.54756,0.07699
22.78326,45.33774,7.80114,1.7411,34.65586,0.08787
95.8311,62.77842,4.72212,3.35193,40.09382,0.05773
43.99447,66.28376,7.48218,1.3581,31.8476,0.088
11.28219,49.65519,7.44143,1.66456,39.10232,0.10519
28.21581,53.16438,7.64432,1.15265,23.21096,0.09332
17.59081,66.69156,6.60191,1.65494,26.68477,0.07929
28.61359,61.54268,6.83658,1.70317,22.23178,0.11312
59.5341,89.32936,7.84937,2.99652,49.64794,0.12147
115.03877,84.67595,4.58961,1.32066,51.66332,0.1028
102.14254,86.77019,5.08583,1.02372,55.28835,0.07824
61.23904,98.18536,8.46256,2.23746,56.17698,0.09529
24.5637,46.50092,7.89574,1.57366,34.76619,0.12111
114.70293,89.31938,5.01185,1.93068,45.86184,0.1197
29.79434,57.03608,7.44824,1.79911,23.32921,0.11659
106.37416,98.92862,5.34106,2.31368,53.24535,0.0928
46.86746,87.53046,7.95709,1.97421,52.54379,0.12146
95.81099,57.83466,4.75475,3.02981,29.84897,0.05952
59.45302,81.86286,6.93968,2.62673,51.98587,0.14662
102.85332,111.41161,5.23606,1.76169,46.26924,0.08756
95.54135,64.61008,4.05768,2.7046,25.28277,0.06752
98.43428,82.07116,6.93923,1.81187,49.2583,0.08331
28.30586,61.87633,6.92252,2.06648,26.40426,0.10689
11.63817,59.0112,7.03041,1.39536,31.91953,0.1159
13.88087,59.8028,7.493,1.18875,33.8153,0.12834
103.42094,66.18182,5.54033,2.89435,33.96948,0.07282
53.62607,85.51519,7.17661,2.89493,48.59534,0.11666
111.51165,46.85712,5.07666,2.98394,33.51763,0.04293
26.76944,96.6605,8.42848,2.87598,59.08673,0.11742
49.35362,90.92157,9.0482,3.42812,47.60672,0.16176
41.35639,45.76459,5.92338,1.73837,33.94173,0.09535
98.77069,54.57444,6.48418,2.82316,32.28704,0.07171
52.06664,94.29871,8.14164,2.59065,58.74038,0.17214
33.33493,69.01797,6.79505,1.95227,26.87247,0.08233
48.44333,100.14418,8.54479,2.36288,53.28373,0.1372
117.87873,69.02895,4.54488,2.96053,32.5629,0.06478
106.94141,98.66319,4.75273,1.34058,47.69138,0.10482
89.62719,71.12124,4.43262,2.6874,23.6791,0.07938
25.21442,57.36264,7.1882,1.43124,31.9921,0.09441
110.58623,90.13571,5.93651,2.1158,50.8466,0.07937
51.45442,93.7411,9.14971,2.04723,62.21548,0.12177
56.46821,101.57992,7.77815,2.25974,51.50163,0.12336
96.22819,61.76236,5.23601,2.87516,42.17585,0.0456
99.93781,80.51743,6.03233,1.71766,49.50918,0.10983
121.85311,63.94732,5.22407,2.93521,48.72078,0.05081
104.16609,66.48781,4.1329,3.23523,38.45605,0.04238
56.93151,83.59742,8.1945,2.9231,58.48524,0.10547
102.0925,90.20891,5.86848,1.27318,49.3915,0.06592
108.30602,94.40968,5.13365,1.62508,45.88106,0.09063
45.16715,61.32917,7.83734,1.62839,27.17288,0.10926
60.197,100.15601,7.5511,2.83592,42.19229,0.10968
36.76502,58.58288,7.5046,1.64566,30.93168,0.12393
96.04439,67.85838,4.3829,3.02524,42.28465,0.05615
45.94469,94.67615,6.61676,2.93704,55.31531,0.17018
34.98955,55.6147,8.03383,1.71375,29.09671,0.12307
52.53316,103.25847,8.47817,2.7312,52.04697,0.15761
28.06065,72.081,6.64413,2.61012,24.54089,0.10039
101.79963,58.86614,4.56327,2.89683,42.95549,0.06941
115.85022,52.75396,4.86004,3.59021,34.09922,0.08917
103.94523,83.6909,5.46599,2.37459,49.73138,0.07657
97.68691,64.24725,6.4867,3.24445,29.84059,0.0726
39.7778,59.56022,8.1137,1.8575,36.58507,0.11018
109.41708,56.20991,3.85144,2.22796,35.1167,0.08066
58.77202,102.03192,9.06137,2.81052,44.09513,0.10548
54.98593,90.86902,8.33373,3.14562,55.15557,0.12554
33.90199,57.03965,7.22952,1.40744,25.23901,0.09551
106.0494,81.66729,6.33537,1.14565,51.98861,0.06042
25.39661,64.32025,8.23422,1.51245,27.66423,0.09132
122.86206,55.34208,5.98753,2.76945,36.65646,0.0555
40.32196,52.48007,5.41525,1.4915,38.0269,0.08107
24.05985,54.06325,6.99205,1.68827,34.57674,0.12404
85.61913,96.26596,7.13589,1.77845,39.29883,0.07729
67.06577,91.7503,7.24596,2.24086,55.85459,0.10737
44.69378,93.36381,7.38089,2.17631,58.17003,0.11112
94.61324,100.35465,4.12129,1.65816,48.70339,0.07226
52.46358,93.1532,7.67737,3.166,51.98135,0.13122
109.97304,94.59231,5.12647,2.05019,38.80117,0.0976
34.14779,63.2539,6.78056,1.7564,34.98269,0.13316
118.49469,90.93982,3.4195,1.45892,56.5396,0.05089
108.21488,104.22416,4.22997,1.82024,48.75789,0.11189
21.44241,64.25028,7.76186,1.50642,34.66274,0.10963
124.67677,82.39742,4.77704,1.30119,42.9998,0.07806
100.7913,68.19373,4.96533,3.01754,45.96101,0.03697
115.62964,61.11937,5.83096,2.53553,36.29169,0.05538
56.95949,96.94956,8.09317,2.1899,58.44052,0.11352
100.86075,99.35918,5.28964,1.63622,50.48772,0.07978
56.11551,95.02139,8.15463,2.10021,52.54735,0.14094
101.96618,69.5182,5.61742,2.93424,33.00252,0.0563
100.53277,97.8953,5.90714,1.74575,50.19145,0.10775
19.57848,62.12989,6.58153,2.02156,35.88493,0.10995
64.34169,92.97131,8.6418,2.80886,54.58489,0.12718
107.6738,86.38928,3.99584,1.66697,46.65333,0.10636
88.59118,59.001,6.82545,2.86401,45.08467,0.10532
31.6662,91.70156,7.12173,2.4224,49.97228,0.13054
91.43102,60.5234,4.03998,2.68809,31.41081,0.04955
101.01345,65.84853,3.9762,2.81706,39.53238,0.08988
64.15763,93.51596,8.04856,2.62819,57.04401,0.1396
40.50819,60.30757,7.44572,1.73209,33.58993,0.0766
116.79556,85.48419,4.36583,2.17327,47.86483,0.07445
32.36537,96.6694,7.79096,2.43673,50.69069,0.1168
77.89817,94.45273,8.23623,2.66476,60.48641,0.12649
59.67577,88.7033,8.52536,2.42032,56.66571,0.12095
105.8807,64.56945,4.03109,2.6729,35.82185,0.04659
5.29416,62.37772,7.76138,1.45212,29.08149,0.10835
92.31461,67.24541,4.1757,3.15092,48.42056,0.05227
101.38691,69.62636,5.06962,2.7276,32.259,0.1054
29.96433,67.99962,7.70674,1.88451,30.92727,0.10589
103.46335,84.62464,5.04631,1.67069,42.73819,0.11357
32.68115,62.42591,7.26733,1.87424,29.51675,0.12829
67.37577,84.30064,8.28367,2.63668,54.08498,0.13424
103.33644,58.70028,5.97165,3.12038,44.52353,0.06091
121.89655,68.35931,6.16902,2.54093,36.74088,0.06165
37.36192,67.01289,5.84082,1.78402,34.21244,0.1395
32.44704,91.10648,7.52485,2.95718,47.57431,0.15997
27.08013,58.85321,7.64228,1.7919,33.93174,0.10231
58.76419,92.68162,9.51576,2.55058,60.05839,0.08889
116.42918,82.42625,5.20334,2.00062,47.8176,0.11487
48.10724,60.29144,6.64409,2.16068,37.86226,0.09831
127.80445,68.3063,5.91179,3.21374,34.36723,0.06802
103.5745,90.32513,4.64911,1.46835,50.88816,0.09307
93.51051,89.37468,5.47404,1.54882,41.66159,0.0688
126.4254,83.43172,4.37075,1.28794,53.58018,0.11904
121.7859,54.67722,5.73846,2.9763,34.50431,0.04372
92.54295,53.16205,7.25105,3.06515,34.61523,0.09465
51.29221,84.77113,8.72394,2.78071,52.25464,0.13296
117.932,93.37195,5.3588,1.89676,49.42825,0.09433
105.73481,93.39888,4.64491,1.80125,49.5787,0.08528
71.43202,58.56509,5.33052,3.04988,40.2422,0.05793
10.74371,56.24611,6.48603,2.17487,32.03538,0.12687
41.68072,61.2002,7.45812,1.56578,39.11692,0.09971
112.57147,63.86612,5.14662,3.19919,38.26817,0.04304
130.99367,87.14373,6.0332,1.43781,61.63714,0.06149
139.75181,91.55485,4.81322,1.89655,51.54346,0.11418
46.46406,82.30988,7.7504,2.02195,55.0408,0.12561
33.51615,90.69905,8.00624,3.28059,53.30712,0.11547
28.70751,56.62963,7.30075,2.06159,31.87394,0.09701
36.21463,79.20551,8.37805,2.74173,61.1556,0.11713
110.14732,89.00184,5.13238,1.50996,35.52187,0.08055
115.54236,91.37443,4.63596,2.07775,46.94343,0.08109
37.60371,90.74627,8.24771,2.99905,56.13572,0.11624
26.10822,64.23575,7.98946,1.97291,34.72635,0.13331
62.4822,91.28364,8.79276,2.5828,56.94896,0.12666
58.37579,100.5468,8.31195,2.87883,50.76665,0.14135
74.16092,86.57813,8.83721,2.51924,52.65714,0.14959
41.01543,52.43702,7.57722,1.44055,33.9907,0.09254
65.02135,88.37382,8.65007,2.26757,52.17596,0.11639
38.92151,92.77672,8.76138,2.16891,47.62641,0.13935
96.0804,54.56421,4.62942,2.74427,38.12461,0.07058
6.63174,61.35432,6.36385,1.87725,40.59822,0.06636
35.61657,88.73278,7.78365,3.20671,53.47134,0.16156
56.01299,89.3506,8.64557,2.21009,51.74571,0.13478
106.38523,55.14077,6.15461,2.76396,44.1165,0.11649
86.42281,86.73086,4.86406,1.54433,47.27389,0.08739
107.03026,58.17225,7.65289,2.54364,29.43279,0.04271
121.78037,60.57225,5.32749,2.90278,39.88293,0.09393
95.20814,51.4503,6.84696,2.77221,35.45972,0.07436
93.21456,94.43614,5.55477,2.66214,43.43233,0.09551
46.63124,87.66392,9.03729,2.22704,53.44134,0.13093
101.24826,61.31028,5.31098,2.35595,39.32651,0.0647
32.2229,59.7456,7.45153,1.68306,33.49222,0.1072
117.20107,55.6415,4.93554,2.80763,36.97738,0.07604
23.21686,52.69291,7.31442,1.65306,16.94488,0.11341
34.95868,68.49623,6.87861,1.79929,24.6798,0.08877
113.10806,102.90146,5.41762,1.7716,48.76509,0.0587
119.7123,91.68328,6.05537,1.378,54.59384,0.07875
88.33624,70.44545,5.38861,3.44856,33.48759,0.06517
31.99486,94.65452,8.44016,3.02111,65.52984,0.12708
34.8937,62.44315,6.65562,1.94724,37.02445,0.11472
105.6904,69.41229,4.50129,2.62143,32.20615,0.08734
24.91376,56.28322,6.87837,1.7769,37.92392,0.09675
99.34764,59.19368,5.22249,2.91311,34.09252,0.05007
113.61124,82.58647,5.35922,0.91619,43.12724,0.09054
138.33423,90.34774,5.44862,1.60204,50.22863,0.09011
20.03506,57.73228,8.34454,2.01185,38.38365,0.10854
105.72528,86.1972,3.23292,1.39539,53.75621,0.06853
100.74954,47.23709,4.27709,2.43617,38.57488,0.04994
87.77948,90.81837,4.62158,1.33621,45.94287,0.07163
10.3795,65.27757,6.28907,1.49205,27.20248,0.1119
70.91104,91.77379,7.70048,2.25836,48.52853,0.13853
117.25049,58.99312,6.48685,2.42842,46.08436,0.03836
89.40209,65.24028,5.66021,2.67972,38.80263,0.06609
34.54522,61.43159,7.91805,1.37931,35.79058,0.14047
19.54917,62.97087,6.91721,1.60446,26.44779,0.11408
47.90917,96.55015,8.15443,2.9444,52.05759,0.14853
115.04183,86.1964,5.93609,2.50979,52.05513,0.07194
41.45447,86.00743,9.72657,2.754,53.91474,0.1445
35.47991,59.70319,7.89841,1.69287,31.58786,0.12233
35.49966,68.86964,7.32511,1.25755,30.42099,0.1042
125.2417,60.59166,5.50156,2.51191,30.95797,0.04628
90.12115,88.95805,6.24149,1.85549,53.07311,0.07253
117.88971,59.99982,6.10868,2.6834,41.58377,0.07178
109.91762,45.10489,5.83266,2.76912,31.77863,0.06889
99.32511,90.73224,3.45002,1.38027,55.68445,0.14518
49.34448,86.54746,8.89659,2.70425,52.71879,0.13576
31.18197,96.67909,8.52865,2.56607,57.25915,0.08568
113.19555,90.66545,3.76902,1.61656,47.05098,0.08185
82.92504,64.19706,4.04714,2.81301,29.91092,0.08896
55.53084,87.42629,8.88798,3.31557,52.68308,0.12975
52.53022,95.27579,7.73819,2.80013,50.27196,0.11439
44.75983,92.3133,8.90995,1.85849,53.83209,0.12275
121.60789,57.30554,6.01571,2.44175,30.30501,0.06843
95.21289,94.60503,5.85622,2.13696,52.04717,0.05832
64.57734,88.76168,9.28637,2.51469,45.14875,0.12545
111.90055,88.6996,7.05394,1.16689,51.70717,0.09114
109.82696,93.6442,4.6543,2.25201,55.08362,0.04613
63.83298,88.59565,8.77014,2.17875,50.13618,0.13689
40.30735,77.98645,7.82271,2.76891,62.97911,0.1144
114.82683,63.17442,5.7967,2.48357,33.16416,0.09375
26.22425,60.34186,6.76757,1.80196,35.95254,0.12443
27.42211,60.92411,8.79353,2.23013,30.78153,0.06249
42.55669,67.59281,6.5562,2.12871,20.72742,0.10132
61.07166,89.55833,8.83857,2.87775,50.52926,0.11643
104.69468,90.03681,6.1526,1.28618,42.38648,0.11081
41.70584,63.55149,5.95033,1.861,38.48982,0.13503
119.12122,59.8258,5.41954,2.89357,33.87932,0.05792
47.135,99.39874,8.08414,2.52798,43.22712,0.12056
100.53806,60.34131,5.71485,2.69317,37.77087,0.04431
75.9039,79.46685,4.40485,1.60934,55.58009,0.09
38.40484,59.4976,8.55712,2.37049,37.30541,0.09214
25.44508,58.52316,8.38153,2.1437,35.34704,0.10453
111.08943,96.55915,4.9285,1.70021,38.23775,0.0722
94.4757,89.56185,4.98082,1.41096,50.72575,0.08456
104.67638,96.16549,4.7924,1.36351,51.68488,0.08048
97.91636,96.96055,5.95094,1.59206,57.35321,0.07751
17.28762,66.09219,7.01953,1.54338,28.47992,0.10755
34.99486,89.25369,8.51409,3.33155,59.16779,0.13262
26.08144,51.89461,6.80234,2.27133,27.84604,0.12681
49.9212,92.87084,8.47435,2.79397,59.87463,0.13613
55.74972,93.53695,8.75747,2.61711,50.98369,0.13631
-8.30928,61.97543,7.87293,2.01237,38.04776,0.10754
102.1273,94.27294,4.94266,1.08848,59.94917,0.059
27.96904,52.76062,8.15578,1.80097,26.76637,0.10916
16.24343,65.56443,7.37842,2.41429,35.40306,0.08772
49.3554,89.39989,8.24158,2.7624,57.90026,0.13233
47.07525,58.67539,6.82171,1.84184,26.19782,0.08893
81.75389,71.16271,5.99369,3.08089,39.33438,0.06602
35.80137,65.79105,6.32046,1.61511,25.98527,0.11872
46.40489,91.01462,7.50688,2.33219,51.74199,0.1201
26.65481,56.32878,7.3034,2.03172,35.5989,0.10459
108.41891,83.66831,6.8906,1.59051,57.66007,0.07071
28.23143,67.16071,6.39915,1.3101,30.37434,0.09685
55.0558,98.07865,8.94608,3.21122,49.32878,0.11839
116.27987,82.40576,4.62685,1.8894,50.26046,0.06975
55.46091,96.21741,7.53038,2.2466,44.91095,0.14634
17.98836,54.99024,6.43243,1.70239,34.04268,0.09307
15.08668,51.80552,7.40981,2.03511,29.82721,0.11785
41.75391,56.71578,7.39079,1.76573,32.56478,0.09389
103.78471,92.55668,5.897,1.35923,44.84367,0.08302
98.71372,65.93643,5.74177,2.85476,41.1182,0.04995
57.03201,84.74359,7.78548,2.17159,64.61076,0.13766
37.01232,47.71688,7.29536,1.86365,26.49496,0.14853
116.09333,70.68985,6.31326,2.70333,38.95718,0.07293
33.10205,56.20665,5.42215,1.85863,34.15877,0.11187
116.12389,98.18399,4.63845,1.66251,49.78775,0.04633
44.86889,86.35594,8.15979,2.82505,60.91324,0.16769
109.31778,88.76272,5.73517,1.37815,54.1057,0.06285
31.58006,68.14279,5.95927,2.17915,24.58274,0.09222
32.5199,61.48009,7.03348,2.20199,27.84324,0.13998
18.94903,72.31217,7.46115,1.77892,29.22558,0.09297
78.36076,94.81646,5.85133,2.0907,47.84545,0.15264
53.49921,90.85782,9.07982,2.65794,56.0796,0.13468
34.54117,91.69886,9.27132,2.40864,55.76469,0.13653
99.81603,87.64141,4.37281,1.33919,54.33275,0.07551
47.92889,94.0443,7.29238,2.44903,55.98024,0.14673
38.73314,51.60412,6.58424,2.15426,25.48083,0.10997
44.18407,70.22609,7.25087,2.20279,32.77953,0.10217
37.84056,57.63099,7.40878,2.07391,26.34656,0.0919
112.25658,59.71514,5.70779,3.23213,38.94754,0.04754
48.8894,94.42155,7.50414,2.3011,56.14182,0.11542
98.44657,52.88682,4.38891,3.13729,23.60019,0.02885
29.60143,59.06557,6.59726,1.35578,38.81763,0.13481
42.01425,66.75817,7.33107,2.09783,37.91677,0.10284
56.4472,89.54834,8.90788,2.98978,56.72896,0.13113
18.82606,59.77765,6.86007,2.39355,37.393,0.10776
96.97638,67.02143,6.45252,2.03203,28.44441,0.10126
45.80602,48.35813,7.36604,1.58659,35.97089,0.1226
120.3532,82.55581,5.25683,1.94297,53.81287,0.09415
38.41876,58.06142,7.39233,2.2763,31.2647,0.08702
96.43888,89.19504,4.67127,1.38419,53.83095,0.07626
30.24609,61.34168,7.68571,1.46787,37.6248,0.09913
52.70989,77.1224,7.32091,2.92542,51.86256,0.14766
107.54364,85.51891,4.87258,1.89849,59.01193,0.0913
40.93044,61.2344,7.50173,1.92683,32.31538,0.10388
111.61723,91.95276,5.21301,1.86962,49.13981,0.03435
88.0152,70.52297,5.91974,2.9225,37.73636,0.09843
106.91098,84.51417,4.88001,2.77465,49.92164,0.09323
88.99605,66.50796,4.96615,2.8067,39.55444,0.07774
41.05142,87.16208,8.93733,2.07324,54.3802,0.1116
25.42917,55.23004,6.76971,1.60961,27.17423,0.06591
95.4066,53.77491,5.92322,2.50562,32.36804,0.04912
18.05771,64.82455,7.66435,1.74947,32.88068,0.10805
110.10323,88.2579,4.13087,1.05381,53.8482,0.14067
73.70372,89.68517,5.4079,1.0737,49.72909,0.11876
15.61025,53.87834,7.03072,2.03091,35.45082,0.10845
116.39773,101.79158,5.33627,1.50174,42.05347,0.04832
99.41791,76.6707,4.28495,1.16867,39.66936,0.08153
113.6814,90.27626,5.94934,1.16459,53.53879,0.10366
88.29979,54.29611,4.90098,3.30755,41.48548,0.03592
105.62076,96.75521,6.05463,1.4653,45.52888,0.11422
24.09891,61.80838,8.21152,1.41094,46.49251,0.09269
113.94832,85.75841,4.95358,1.51338,49.29165,0.05373
89.85114,87.10226,5.12399,1.37414,50.38093,0.07182
117.6038,64.93433,6.60624,2.69773,39.78393,0.07538
98.71231,48.9972,4.32181,3.02416,30.70626,0.03063
65.76227,86.12873,8.60097,2.0895,56.18619,0.15131
30.50771,59.09132,6.71934,1.84821,31.67924,0.11148
20.24908,62.36649,6.88414,1.79958,27.24725,0.11306
122.34639,95.91259,6.29592,0.91039,55.79021,0.05156
85.5793,90.39525,5.09597,1.29925,51.09855,0.10657
59.15333,85.97848,8.28488,2.44738,44.26839,0.13695
7.48276,55.82436,6.73391,2.04938,29.53556,0.10433
49.16241,84.56894,8.07665,2.42336,62.57351,0.12057
62.56924,78.45651,9.70187,2.31838,51.36395,0.15602
22.81523,59.86341,7.87968,2.10324,34.19413,0.13875
108.29243,67.96896,5.57055,2.81821,30.33807,0.06034
113.73529,85.35513,4.33638,2.01648,49.88356,0.10231
33.27158,65.7969,8.59313,1.59217,28.99909,0.09309
29.57391,67.5337,8.12015,1.71399,29.96852,0.14602
35.96048,94.0299,7.64388,3.23791,42.9915,0.10134
113.21689,62.62583,6.24302,2.34107,38.25228,0.0852
89.04668,53.51042,5.19093,1.94961,42.80804,0.0627
55.66428,85.24078,9.06581,2.15853,61.54709,0.14956
80.64819,90.36779,5.12629,1.41205,48.13905,0.07686
102.63759,76.32068,6.73069,1.39921,53.20757,0.0619
123.41504,68.07515,5.58433,2.62393,43.93693,0.08046
83.15787,85.27544,5.02885,1.73432,48.78671,0.07488
35.47021,54.47639,5.86773,2.07842,28.79825,0.07143
35.37716,55.33248,6.69802,1.45821,39.21402,0.10727
16.2377,59.74992,6.54281,1.46205,27.37984,0.14018
110.00901,65.57806,6.11549,3.27518,37.32612,0.06396
106.14351,52.96177,4.65335,2.18083,46.80963,0.08719
39.22363,48.31261,6.16863,2.01874,41.19702,0.12583
97.11905,93.84661,5.30124,1.68267,44.67059,0.05972
108.5967,97.34767,5.12031,1.42584,48.29162,0.07478
62.16546,95.83648,7.34065,3.00193,51.57498,0.12082
105.75298,94.82318,4.41686,1.33135,45.42982,0.09612
35.4775,64.86256,6.47363,1.45668,33.71566,0.13659
96.02969,61.32649,5.10802,2.96488,41.34265,0.01063
27.36884,57.61592,7.4319,2.07786,34.67513,0.10253
58.18868,54.34261,5.84617,1.29656,38.7427,0.11857
22.4358,65.00966,9.00585,1.50153,33.00193,0.10223
99.41902,61.51196,4.31001,2.24785,38.01384,0.04526
20.01556,69.58211,6.68286,2.21821,28.95336,0.12767
31.77405,92.99739,7.9695,3.07478,61.24779,0.13163
29.95537,55.56408,7.41381,2.1012,35.14864,0.13599
23.99766,57.65707,7.65749,1.54658,25.85544,0.11171
88.26141,49.08568,5.85475,2.79894,39.18209,0.13397
115.97563,85.00797,5.01299,1.38163,41.19402,0.09501
25.08306,64.91488,8.37358,1.80432,38.47835,0.06685
57.96521,52.6259,7.2665,1.62761,32.72818,0.09019
39.8827,92.50431,7.57433,2.31647,47.0312,0.14375
47.74395,62.29439,7.55069,1.51921,36.90029,0.12241
117.63111,58.48688,5.21534,3.43987,28.47613,0.04756
103.32618,62.29589,6.47508,3.11068,33.70411,0.04193
39.05736,59.08388,6.74399,1.74976,33.06919,0.13403
40.3398,49.41642,6.90916,2.15511,32.82988,0.13387
79.91551,60.48798,4.48109,2.72238,43.15098,0.05193
50.9455,96.77988,8.55429,2.48749,45.95798,0.12325
95.07017,55.68564,5.46101,2.39378,35.19331,0.09006
94.68224,66.14281,4.18231,2.39263,33.45675,0.08661
20.56257,64.29321,8.60235,1.98615,22.04811,0.0958
118.57578,73.54571,4.58414,2.2442,40.28765,0.08311
107.33437,76.31371,6.48015,2.06504,26.22348,0.06536
35.39442,94.95594,7.92076,2.42918,53.87762,0.12743
43.20903,83.32053,8.67348,2.84241,57.51206,0.12804
93.77362,72.20113,6.51845,3.50977,36.29948,0.05091
83.48898,69.54387,6.85674,3.05951,37.81712,0.05909
85.67552,86.70348,5.11792,1.67866,51.64111,0.07355
42.1265,89.33263,7.52582,2.80465,56.1237,0.1067
118.19327,59.44928,3.97512,2.90043,46.61966,0.07023
26.11003,64.93879,8.95313,1.92587,32.38694,0.1194
36.42839,60.40521,6.51463,1.6096,37.93937,0.10946
35.40413,86.82002,7.69491,2.94825,51.51786,0.15104
100.7613,91.81583,4.73276,0.7872,45.99479,0.03823
101.76792,68.88705,5.89424,2.90743,41.3705,0.05647
67.4514,99.48941,9.18933,2.99514,59.1306,0.13678
97.65502,58.24268,5.68772,2.62136,44.59056,0.06196
36.18448,66.25672,6.83218,2.2301,34.84764,0.09608
89.07909,96.65666,5.63303,2.22679,47.12959,0.08218
96.8276,62.31851,5.62641,3.2107,31.48731,0.07885
106.23481,89.32865,5.79431,1.59954,61.4936,0.06107
35.95852,88.80238,9.22451,1.79069,56.21814,0.12203
90.58712,95.83043,4.91565,1.43422,55.10686,0.10769
22.51111,51.95218,5.80582,1.70131,26.38138,0.13677
42.09874,56.98629,7.116,2.22483,29.36781,0.11693
109.50056,72.29364,5.30962,3.00787,40.07376,0.04513
82.07611,93.27476,5.40374,2.38854,57.76622,0.07677
114.20763,53.27295,5.59355,2.63112,26.65791,0.03746
92.49082,54.39459,6.53165,2.36411,32.07793,0.05645
87.41023,57.56651,5.86332,3.16822,36.79684,0.03942
68.91474,102.54828,7.93446,2.09119,53.06432,0.14699
97.00043,67.79899,5.54817,2.52275,32.55892,0.09936
122.02404,54.88914,6.30683,2.34593,41.27741,0.04091
110.80557,81.78605,4.96806,2.55222,37.58713,0.07428
99.60895,87.45178,6.2343,1.46604,57.02638,0.09901
48.23534,97.17665,7.06679,2.46884,59.30696,0.14382
65.27323,83.62184,7.77732,2.77339,58.38357,0.10237
34.04296,84.70665,8.33738,1.98584,66.61069,0.11113
100.74393,61.02505,5.32747,3.13175,34.25451,0.04882
38.44068,96.03925,9.27889,2.02284,45.67611,0.13788
103.99929,67.24706,6.27863,2.14591,40.01673,0.07632
112.87745,84.28955,5.66345,1.68371,51.34381,0.07802
109.25321,62.99546,4.83471,2.60947,39.80284,0.04305
108.81717,95.62046,4.82866,1.74749,52.03539,0.06963
116.09152,97.23742,4.27053,0.96188,50.36309,0.05378
115.11099,87.91078,5.39678,1.19413,53.43983,0.10792
91.02176,97.31896,6.87799,2.32883,58.69436,0.04483
94.43865,55.42745,5.95701,3.25839,43.3415,0.06925
130.5832,59.51568,7.0271,3.35649,38.21541,0.02707
54.14394,89.58606,7.46332,2.60888,52.26493,0.13919
20.81769,95.88003,7.48415,2.39178,50.00671,0.11539
20.82958,63.53011,6.97631,1.9645,17.21586,0.12088
103.98914,60.03251,5.97316,3.28774,42.44698,0.02692
64.60592,98.32601,7.55258,2.54564,46.06787,0.13032
45.60647,62.70172,6.94097,2.00501,31.77746,0.09562
119.71634,83.97598,5.01928,1.88614,48.36157,0.10268
46.94989,77.66753,7.74202,2.08755,54.32498,0.13009
39.35073,57.8178,7.71831,1.84604,26.11685,0.13318
120.83167,59.67657,5.03693,3.13312,34.87734,0.06318
100.57038,80.68663,3.96058,1.17709,43.66674,0.0943
92.89261,66.87455,4.73248,2.59908,32.56875,0.05586
108.43467,64.33261,4.58359,1.86324,29.93269,0.07926
94.50064,60.40976,6.00283,2.63891,28.49655,0.06625
39.52782,65.83773,7.92552,1.74799,30.97438,0.14622
106.01393,83.21283,4.28304,0.83375,47.00014,0.10782
9.73921,51.9046,8.65757,1.13579,26.29234,0.09471
118.6078,56.385,5.00729,3.11516,33.81209,0.07534
124.15413,75.06285,5.10247,2.90903,35.41758,0.07062
40.74371,87.2038,8.71101,2.40582,50.27668,0.09113
105.66047,60.74453,5.93058,2.58746,36.00826,0.04391
36.4018,84.70069,8.9867,2.48912,64.06928,0.10259
46.20269,94.87327,8.42536,3.07931,56.00658,0.13529
17.53245,63.50083,4.57893,1.84968,33.03598,0.09552
125.89916,97.82456,5.47928,0.99688,66.28811,0.10483
88.91729,89.1413,5.35576,1.81312,38.4302,0.07963
31.38664,56.20702,7.05318,2.02353,37.55371,0.09419
44.64836,58.56209,7.5017,1.88291,30.06936,0.10706
38.43624,87.93372,8.83966,2.59212,56.84282,0.11841
132.12751,87.31716,4.91098,2.16919,52.02788,0.05373
49.88034,91.4187,7.56466,1.96842,44.9584,0.13666
61.59043,86.58642,7.47349,2.5933,62.33852,0.13696
109.93774,85.74788,5.00509,0.7015,57.18585,0.07843
19.23602,63.58084,7.63545,1.45514,30.71833,0.13986
88.42459,87.85798,6.58759,1.20173,47.54412,0.06828
52.78324,88.12907,8.47055,1.49601,56.79473,0.13872
117.76007,86.8806,4.5371,2.20995,54.14143,0.04598
100.85441,81.95861,6.26811,2.08801,58.37411,0.10461
33.86041,55.86504,7.54047,1.68153,32.57489,0.10129
27.77406,54.43757,6.02267,1.48352,24.61202,0.09096
107.14289,55.13555,6.07031,2.43021,33.33089,0.05506
28.92306,62.02461,5.9293,1.93468,31.06638,0.10617
67.87317,74.74561,9.78248,2.31016,59.95322,0.15379
110.35513,87.68754,5.01969,1.71115,51.40382,0.08489
40.34117,53.4937,6.83695,1.39347,31.70651,0.1211
110.29549,73.57449,5.9808,3.57261,32.97153,0.071
38.97328,50.49677,7.12933,1.57777,29.67442,0.10443
51.81464,97.42493,6.64668,2.35656,59.60953,0.14453
16.36,66.0272,5.19849,2.40767,36.26436,0.11477
19.12683,52.63969,8.08621,1.14981,32.92239,0.11386
116.32939,89.65908,5.09316,1.64398,63.22004,0.09917
110.73847,98.92611,4.38581,1.06849,46.07188,0.06479
95.81544,56.02843,6.329,2.97559,39.97121,0.07475
79.41729,56.38107,5.93066,3.15021,31.28283,0.08817
50.87176,100.24971,8.31788,2.40176,58.8388,0.14228
97.68039,67.77386,4.87616,3.00631,37.42051,0.06296
46.64672,82.68726,8.03408,2.03445,48.38259,0.11233
96.26604,98.20321,4.21935,1.27068,55.37175,0.07643
116.54771,64.71754,6.38755,2.38616,39.93625,0.06203
63.67228,85.05329,9.02206,3.18501,52.0455,0.10861
108.14886,103.63525,5.60523,1.9404,48.92458,0.08814
130.20904,95.37282,4.92583,1.00533,48.82344,0.07092
69.19046,86.55786,8.68929,2.03548,60.47577,0.12397
32.34922,64.80996,7.2096,1.44346,33.2661,0.10122
56.24545,92.40944,8.41364,2.52553,52.49275,0.14814
34.67878,88.80106,8.51373,2.98038,54.06232,0.11817
103.79654,57.46316,5.54966,2.74219,44.63775,0.06085
110.37447,67.22311,5.87651,2.46032,34.18267,0.06228
24.05098,52.29904,8.26963,1.02943,29.34163,0.1093
102.57934,64.18258,3.61257,3.0012,40.3189,0.05038
98.96507,87.56861,5.49984,1.38658,48.52361,0.11123
125.0347,54.00695,5.5066,3.15236,38.56067,0.06407
10.50569,52.18414,6.2396,2.46244,35.06414,0.11965
95.63411,85.84429,4.95894,1.51871,50.30474,0.10783
121.82843,66.27932,6.69647,2.4944,50.50102,0.07869
10.38539,54.96164,7.34288,1.72341,27.74636,0.12428
58.87319,92.09686,8.00436,2.62138,47.77313,0.14527
101.98791,80.6726,4.62113,1.64402,52.93631,0.08807
103.50365,88.7431,5.05904,1.34438,53.28175,0.04945
15.83897,53.42898,7.15965,2.13825,29.06793,0.09795
104.1557,88.27648,5.13003,2.05614,43.00631,0.08251
96.05932,84.33387,4.68341,1.90525,47.25125,0.04742
36.35485,71.00823,7.96459,1.28309,28.5108,0.08203
91.38283,71.61655,4.88496,1.88744,35.19398,0.05105
25.70464,60.38689,8.23682,2.06051,31.08127,0.09725
117.10583,61.528,5.86869,3.02867,44.39697,0.07743
35.47915,58.62824,8.18638,2.13465,28.4693,0.11789
88.34653,58.2082,4.90969,2.55404,28.29162,0.04917
56.90016,90.00844,8.20076,2.23463,49.95774,0.13563
96.36642,87.07604,5.38491,1.4534,59.37131,0.08226
15.78388,58.56522,6.72914,1.65181,20.17417,0.11742
102.77236,67.79561,4.93312,3.133,41.05749,0.06899
112.70369,61.59883,5.72231,3.5737,35.30415,0.04854
86.04341,74.49156,4.99477,3.12549,25.74035,0.02383
60.10022,75.25274,8.16569,1.53085,35.00993,0.11096
110.80964,54.85353,5.76759,2.98429,46.02355,0.053
96.306,62.40315,5.62763,2.70672,31.49896,0.07929
126.16278,96.52863,6.51585,1.42363,46.96627,0.05792
83.91061,85.31862,5.83442,1.48361,51.88656,0.04981
33.77231,57.35318,7.34198,1.63744,26.43365,0.08766
22.40641,62.71917,8.33165,1.13143,36.90062,0.1163
106.68532,58.6658,6.01781,2.93911,39.30152,0.06304
50.24952,90.66072,9.60049,2.97273,51.61281,0.09973
26.82554,51.58913,7.69782,1.63185,38.32365,0.12203
98.22684,90.45825,7.42049,1.95569,45.91683,0.10289
95.94947,47.16743,5.4573,2.96538,42.19132,0.0302
92.69285,95.04594,4.53649,2.27333,49.51322,0.06304
127.77426,89.47019,5.09969,1.9434,45.70947,0.07337
13.25244,69.17453,5.59498,1.24018,34.21514,0.10434
29.61683,61.92782,7.73425,1.62388,31.20828,0.10305
41.13228,86.45677,8.58342,2.71868,45.27454,0.12653
101.70999,56.6428,5.6741,3.00712,39.18926,0.09122
106.16533,75.30388,4.27931,2.65002,50.17327,0.07587
98.75154,57.51311,6.28983,3.30587,29.95392,0.04876
32.90603,98.1717,8.32534,2.66638,58.85084,0.13166
40.77128,81.62485,8.04281,3.086,50.63037,0.09744
92.79885,64.2196,5.75967,2.54162,32.57753,0.05926
111.25602,84.54216,4.92692,1.35766,57.5171,0.12692
107.09332,58.85172,4.91674,3.37936,33.87631,0.06532
109.2281,53.35037,7.88076,3.40089,37.97521,0.07186
19.53151,65.72077,7.5897,1.69076,39.14422,0.07149
84.99626,73.47328,5.8405,1.79051,41.25155,0.06482
86.47754,53.76631,5.86986,2.5334,31.32727,0.09081
71.64201,91.32278,6.68258,3.49288,50.05812,0.1457
40.71937,52.32741,8.3407,1.61197,31.72564,0.11444
16.74842,54.90127,6.90353,1.50769,39.32336,0.11025
125.32843,62.25352,6.12161,2.87359,39.11421,0.06599
34.21791,66.73544,6.51935,1.97951,28.93429,0.07329
99.90276,90.38148,5.68363,1.13913,49.97696,0.04772
57.00059,93.85846,8.78792,2.90551,59.05552,0.10757
64.05032,96.24382,7.94143,2.07945,59.85106,0.13926
34.02654,57.47525,6.71992,1.72975,30.82067,0.08834
28.26013,63.33177,6.73484,2.10684,36.19232,0.0959
107.8504,60.21287,4.25151,3.18254,36.17452,0.07236
104.60787,85.79897,4.85458,1.88378,55.70074,0.08249
41.65863,63.40661,8.0873,2.27892,26.73199,0.11898
94.46479,59.99939,3.28576,2.84384,29.69012,0.08021
92.22493,98.29453,4.69766,1.65225,56.51134,0.0723
51.51863,92.77841,9.44291,2.88607,55.57232,0.14127
103.63217,61.15759,5.77364,2.76533,32.29124,0.05452
91.779,63.50315,5.66685,2.81687,43.08838,0.02513
64.94146,89.64027,8.66397,2.899,49.68163,0.13842
36.85793,64.54012,8.26161,1.56573,29.37899,0.09031
41.74264,91.88683,8.22373,3.12671,53.40738,0.16506
102.5693,60.37744,5.68193,2.8102,45.54203,0.0717
82.2815,56.81182,4.11928,2.97208,37.98034,0.06031
56.18381,89.32345,8.03088,2.49645,52.53269,0.15989
16.91174,53.10139,6.17523,1.80125,27.38975,0.08839
40.03681,90.94373,9.27729,2.38787,57.01247,0.12914
37.13778,64.17791,6.67962,2.30544,41.44894,0.13916
19.55133,52.34589,8.58746,1.34803,33.50824,0.09161
124.04025,98.25479,7.01564,1.65248,56.66264,0.07672
101.74247,50.82473,5.6149,3.18947,33.37691,0.07692
40.50721,97.80663,7.91395,3.4256,52.9395,0.14931
53.20269,64.293,5.76079,1.62635,31.81578,0.12508
58.53393,90.02922,8.70223,2.5797,58.2192,0.13463
111.02266,87.89787,4.55565,1.50006,58.92437,0.08356
67.67319,87.71001,9.28814,2.19093,53.10632,0.14205
66.90685,56.38453,6.31078,2.82119,37.18875,0.04747
41.69367,91.51554,7.36157,2.06462,54.47023,0.15956
89.68364,67.93021,5.19887,3.23117,34.43594,0.04338
101.67321,45.84357,4.27627,3.06741,39.99197,0.05794
108.48652,62.84401,5.37102,2.72566,45.68179,0.05991
31.7073,88.45193,8.37405,2.41529,48.96754,0.10677
125.31089,96.05849,6.2425,1.62193,41.42685,0.08541
121.30559,93.60526,5.50012,1.79591,43.01563,0.07133
20.98989,88.5475,8.50723,2.79674,62.37585,0.09999
93.29346,85.33922,4.85644,0.8688,52.44931,0.04738
52.39437,88.58211,8.55509,2.90662,54.84281,0.12659
121.58624,62.19555,5.15504,2.31286,38.7686,0.0528
112.33315,85.87363,4.99493,1.24992,39.70852,0.08703
113.5056,58.20511,5.55246,2.7788,44.63652,0.0608
54.86805,86.68583,7.15778,2.54393,49.63368,0.12157
108.57476,58.73359,5.09336,2.78078,37.6122,0.07967
48.00056,65.57587,8.11959,2.09141,24.67686,0.11098
52.99809,97.66318,5.9903,2.36932,58.70412,0.1231
112.37772,46.83063,6.4858,3.31026,32.39709,0.0851
70.38004,100.41156,8.24143,2.53404,60.9881,0.10935
33.77966,62.66727,8.30034,1.56387,23.22779,0.10727
42.77696,61.84257,6.8707,2.67778,42.39603,0.1154
96.92142,64.55395,5.28172,2.28741,42.31295,0.06971
24.45951,61.12703,7.58097,1.75037,32.55035,0.09618
103.85599,96.73069,5.5367,1.58043,49.98961,0.1074
37.22392,97.74977,9.03694,2.2036,52.44232,0.11399
113.9441,60.9312,5.86852,2.43873,33.48204,0.11963
30.32684,62.14288,6.90003,1.58712,31.52026,0.08548
27.07403,79.67735,9.52375,2.18145,47.73232,0.12454
98.75863,96.39365,4.71272,1.48175,51.02687,0.08411
83.56478,101.49531,6.61259,1.78393,50.13767,0.0819
105.12267,89.5644,6.23524,1.76092,53.89023,0.08619
100.15714,90.33541,5.59134,1.56543,49.41845,0.1479
50.49462,91.67099,7.89257,2.43096,54.50606,0.13168
91.22868,56.33573,6.52879,2.62061,43.80325,0.07073
114.29829,88.7463,4.83722,1.72257,49.48395,0.07137
38.79182,86.32915,9.35262,2.51099,44.54044,0.17345
57.7428,88.33845,8.30353,2.66212,60.16198,0.09703
32.55265,97.6509,6.96554,2.4984,57.0899,0.12698
71.01292,94.36662,9.14612,2.59936,56.33091,0.13266
34.71105,59.90912,7.66763,1.33556,19.12726,0.1096
39.48537,99.88656,8.15466,2.95784,51.34778,0.11077
100.28102,92.70898,4.20533,1.84552,55.10563,0.08881
34.59977,57.77533,8.40845,1.93853,31.59871,0.12323
89.01445,99.43743,6.25726,1.25339,51.77928,0.09437
92.09511,66.36199,5.83233,2.8463,29.65848,0.04079
33.56115,57.49408,7.01336,1.87396,38.04456,0.10929
83.88299,85.33529,5.72915,1.51409,47.49758,0.08009
91.97852,64.41689,5.34193,3.28232,29.24366,0.08129
38.82413,58.58742,6.81719,1.0532,33.15879,0.08891
30.28062,84.48796,9.25074,3.09928,51.63144,0.12615
11.63446,67.00363,7.29709,1.78692,30.69226,0.07796
97.34227,91.90376,5.2314,1.3441,48.69937,0.07614
34.92596,57.18035,8.54172,1.88836,36.05509,0.12681
122.64785,86.83342,5.5085,1.27469,41.86476,0.10591
98.23932,52.20066,6.02429,2.74968,31.3078,0.08437
115.05755,60.50093,4.70812,2.93859,34.90575,0.05524
118.06557,56.17341,5.89702,2.96393,32.28949,0.06024
55.30006,88.37882,7.44383,2.92257,47.29079,0.11713
85.81802,58.7699,6.69179,2.96909,45.15234,0.05963
120.79137,82.70335,3.94046,1.87081,54.01234,0.08544
37.04655,66.18369,8.54695,1.96827,43.7537,0.11886
104.79534,61.00792,5.33688,2.52891,33.08182,0.05518
17.63647,66.54503,6.46898,2.12917,31.16824,0.08145
109.14742,56.62299,4.81324,3.09903,37.5554,0.08779
24.5781,61.31364,6.9913,1.9565,40.06459,0.09614
51.60986,96.12935,9.2592,2.52001,55.79866,0.12714
113.91329,99.65345,6.70942,2.13876,54.42874,0.10421
17.31885,54.28153,8.07961,2.43058,30.81247,0.11433
90.49977,64.06012,5.41586,2.97689,35.72262,0.06068
36.24361,89.37621,7.68744,2.0806,51.20549,0.12188
96.93863,83.93299,5.1177,1.7443,50.15355,0.08645
90.76712,53.65128,5.84156,2.47143,43.09288,0.08043
119.02867,82.08666,6.03466,1.51961,51.92758,0.07115
52.15919,101.64418,9.5899,2.24255,48.46911,0.13304
109.03952,93.26582,4.32748,1.6115,49.45513,0.09743
90.84495,56.97621,3.90062,2.69326,39.01628,0.03804
95.70193,73.61282,4.99601,2.90887,40.0455,0.08722
111.44382,78.47614,8.15256,0.76649,52.59455,0.06353
108.38873,88.05641,5.37687,1.88905,51.93841,0.09684
24.09009,88.26984,8.21733,2.78159,53.34261,0.12237
57.70157,76.86494,8.51579,3.03608,50.36847,0.13225
56.50062,91.13948,7.60455,3.14299,51.19573,0.12863
31.25832,56.33262,7.05777,1.6492,34.95663,0.13756
33.58998,64.78415,7.25302,1.6097,32.03621,0.09616
100.57663,56.96042,3.58025,2.67202,32.19116,0.06644
94.09972,96.73087,4.16107,1.79929,52.52072,0.10214
15.65139,45.0359,6.56768,2.08592,37.34928,0.09696
114.10682,92.60657,4.6656,2.0291,53.13844,0.07167
62.90114,95.13829,8.12807,2.25115,52.36005,0.13907
44.18984,91.77642,9.24024,2.31774,48.86251,0.14716
104.92685,69.03214,4.90897,3.02655,38.94872,0.06992
54.9599,91.13076,7.52625,3.00037,58.74179,0.13872
58.52037,95.11615,7.43685,2.4909,53.20098,0.15156
42.67436,59.71743,6.12022,1.90806,33.96857,0.11727
89.09192,60.23881,5.78326,2.56253,39.82919,0.06271
27.86941,62.36447,7.6626,1.46047,26.87546,0.0921
29.17432,59.62105,6.89446,2.18294,32.71717,0.09886
126.72017,92.56809,5.25341,1.46994,46.87259,0.07006
49.47706,58.9879,7.14475,1.65323,29.91942,0.12262
110.23376,92.90901,5.92272,1.58582,43.14861,0.05199
108.6153,79.4751,5.06235,2.65437,36.71623,0.07663
62.3126,93.44165,8.67264,2.89423,54.41183,0.11307
38.98416,56.59835,7.89814,1.53604,34.45454,0.13955
30.77178,60.82179,6.83759,1.70541,29.15831,0.10746
44.45504,63.21182,8.10231,1.93452,29.62398,0.08955
88.82258,57.30705,6.47754,2.59052,37.8219,0.02877
19.14563,61.69386,7.47581,1.58462,28.24379,0.11654
93.28435,55.331,5.08272,2.13373,38.34208,0.03233
58.99902,106.59914,6.83056,2.06155,51.70758,0.12414
80.12564,97.592,3.09237,1.84832,48.74198,0.07772
35.2623,62.69491,7.53899,1.78707,28.95373,0.14595
32.67257,62.1284,7.94492,1.59893,34.1505,0.10848
123.41571,87.45992,6.35044,1.35975,51.91091,0.04869
112.44869,94.0658,4.45756,1.68751,51.25231,0.08634
123.8382,53.66238,5.29534,2.56837,43.07855,0.04758
74.15617,94.4291,9.51455,2.72629,50.22302,0.14772
46.36865,81.56733,8.49467,2.82799,54.22448,0.12058
87.67065,60.0766,5.00933,2.12436,38.02451,0.05008
24.75353,59.47149,6.86122,1.6744,26.85449,0.11249
27.04955,69.07026,8.11168,1.71775,30.54336,0.07793
120.60768,60.09184,4.23823,2.7686,41.87689,0.07861
27.22951,94.77092,7.45845,1.92147,43.8465,0.1427
49.11434,72.10979,7.06409,1.01997,27.60502,0.10691
112.45111,91.2513,4.49572,1.93717,46.83618,0.06176
79.93295,52.54633,5.09558,2.87408,39.37949,0.09072
103.60539,86.35589,5.96698,1.06405,49.89655,0.08705
36.09988,85.96605,8.95569,2.2298,59.54246,0.1275
32.60404,84.32461,8.6694,3.05957,46.55661,0.08277
99.35041,58.5285,5.70234,3.06159,35.46033,0.06785
41.59894,62.12244,6.97012,1.91726,31.17282,0.09464
112.57456,89.3149,4.33971,2.02928,50.03008,0.05193
118.51313,80.85808,5.31349,1.32545,45.09939,0.10647
69.90746,89.17462,7.89484,2.92005,55.81192,0.12974
65.12501,81.59948,9.04103,2.84197,47.59119,0.14422
109.87964,63.33374,6.09097,3.05595,38.60509,0.01901
20.68055,60.49646,6.40241,1.70731,36.74152,0.07738
116.46475,93.36977,6.12429,1.68657,44.10246,0.06202
98.64697,82.86081,5.50408,1.7029,48.52698,0.09649
97.62985,104.35655,4.70336,1.68313,43.01366,0.08238
25.6063,57.56036,6.3106,1.33914,33.23628,0.11273
105.3501,62.15024,6.25808,2.90348,27.10818,0.06567
44.90149,61.92076,7.34049,2.07136,34.76139,0.12495
37.59174,50.91062,8.40677,1.3246,39.6577,0.12463
16.43455,72.04502,6.57642,2.02165,31.52161,0.10094
41.76526,90.99362,8.58385,2.95294,47.91468,0.16216
55.21426,88.44691,9.12784,2.8224,54.27647,0.11586
124.17028,88.30954,5.83692,1.44775,51.34747,0.0608
24.72145,62.91234,6.90586,1.99304,36.63657,0.10782
17.53674,70.10235,7.78685,2.02834,36.46293,0.11426
50.1372,93.84997,8.32767,2.20141,62.19648,0.11931
22.58223,69.77887,7.90252,1.6373,28.85489,0.12554
107.80336,56.26873,6.82185,2.32252,27.354,0.05746
54.47012,94.46004,8.47057,2.00148,63.62552,0.16144
107.33041,56.16302,4.19845,3.05677,44.87892,0.08474
113.91819,87.61134,5.15055,1.62811,48.34971,0.09876
104.42493,49.70389,5.51165,2.79664,43.33259,0.08729
27.22367,64.05152,6.07047,1.53315,34.73445,0.09858
86.59743,86.18689,6.10275,1.58883,45.85069,0.07534
38.86696,89.64749,6.83794,2.27805,62.53193,0.12169
25.89972,58.80839,7.13319,1.45714,23.42062,0.10084
44.79645,90.53607,9.58786,2.48305,59.82448,0.13113
47.57647,89.2106,8.43531,2.11638,58.81968,0.13537
77.80245,98.45968,8.47264,2.93763,56.99483,0.13002
42.72095,92.71384,10.14521,2.66073,48.90812,0.15893
34.2949,59.14118,6.90987,2.19693,34.58891,0.12282
41.57904,105.79597,8.94569,2.3658,50.6823,0.16199
99.85989,95.61871,4.94754,1.24876,56.63358,0.098
116.14708,68.11983,5.89052,2.96049,39.00346,0.04268
124.5181,97.67469,5.49803,1.41547,42.68012,0.10481
38.81408,62.73515,5.89142,2.08325,33.82347,0.08759
107.15769,88.77224,4.92163,1.51186,48.19611,0.10729
124.65519,88.41555,5.04657,1.18429,49.09832,0.13981
45.95181,88.58368,7.83327,2.69477,57.87507,0.13026
104.21273,57.01559,5.43751,2.89092,27.82446,0.09311
17.08107,83.87673,8.33039,3.3472,53.14904,0.1199
99.98555,62.7948,4.85977,3.18085,38.92028,0.04942
42.27774,85.06131,7.81548,2.71736,55.9067,0.10476
33.1087,59.06018,6.17345,1.51981,30.57127,0.10788
106.76887,104.06616,4.99789,1.40639,39.47068,0.0769
35.1715,53.11214,7.75697,1.90477,31.95986,0.10627
42.21149,87.42234,7.42709,2.03803,54.64956,0.13864
106.16565,88.64033,4.47831,1.87336,51.32582,0.07059
92.26264,68.00176,4.37452,3.21114,38.38854,0.09169
91.94217,97.78774,5.29449,1.85462,41.16746,0.07432
99.994,98.69619,4.63348,1.92984,45.70829,0.08949
30.84806,63.98508,7.08393,1.99719,28.40541,0.09822
95.03457,64.90433,6.08869,2.71238,40.35656,0.08583
95.74286,67.21249,5.12547,3.21011,39.59991,0.05575
114.98227,43.60007,5.34225,2.51551,32.76002,0.05094
122.18281,58.47159,7.13341,2.60045,39.71203,0.06822
98.09529,62.49136,4.63623,3.4494,38.55763,0.0581
34.39152,56.51744,6.57681,1.39894,35.91699,0.10749
98.16544,92.08419,5.44302,1.86883,42.73328,0.07025
98.27605,93.5317,5.1104,1.88056,49.77917,0.0947
19.63021,57.5771,7.51147,1.80953,26.9116,0.09873
104.53277,56.11193,4.87642,2.74277,32.32728,0.06255
26.30491,60.82499,6.25081,2.29406,34.1216,0.07989
119.93219,86.17083,4.25898,2.10525,58.3829,0.0838
27.79861,63.67532,7.34826,1.902,35.42962,0.10608
91.52372,73.35724,4.62999,3.33128,46.03333,0.06395
30.88358,60.78476,7.35241,1.41958,31.97438,0.09053
25.13579,49.99365,7.2457,1.84804,26.31088,0.11954
85.26092,85.1843,4.86107,2.25137,48.73999,0.08223
98.20641,66.18485,6.87802,3.28716,40.28572,0.03754
26.96939,94.6596,7.32925,2.96637,57.33123,0.15259
22.55241,60.90004,7.18769,2.33131,32.04491,0.06627
117.1206,93.49161,5.75311,1.35969,50.98546,0.0536
63.44786,104.64466,8.79057,2.4113,55.82072,0.13054
46.68045,65.86697,8.90387,1.77949,26.97431,0.10421
52.56196,91.67849,8.83489,3.46001,60.46283,0.11964
17.21942,68.3763,5.64422,1.0202,36.70872,0.10298
96.07782,82.26051,3.98522,1.7238,43.05502,0.05892
104.32239,60.82558,5.26347,2.47747,40.62026,0.05313
47.45662,86.30421,7.99706,2.78025,55.02856,0.14597
103.72828,61.98924,4.99692,2.59431,30.16301,0.05926
38.27691,69.42705,7.04914,1.88438,33.55609,0.1204
122.7919,92.16131,4.45982,1.35196,45.12238,0.07384
107.29749,87.01669,4.49582,1.50125,53.88405,0.08156
114.36062,65.17108,6.38825,3.39846,43.01378,0.07183
31.10751,98.93135,9.32791,2.56615,52.067,0.15703
41.21199,91.11765,7.59179,2.98912,49.08756,0.13189
41.49901,56.55072,6.97679,1.79388,35.57827,0.0959
48.60765,88.52621,8.86936,2.53769,58.40709,0.13985
102.66721,55.80209,4.2814,3.15824,35.99364,0.05681
111.04593,92.62766,4.88283,1.10815,49.97472,0.08511
49.10015,58.21052,7.18862,1.70165,37.26634,0.10793
54.48427,83.66204,8.55749,2.05105,43.4308,0.14153
100.0958,97.38603,6.09906,1.87829,59.35808,0.08803
110.79376,100.53473,4.32328,0.7661,48.82631,0.07265
12.00595,61.51695,8.10417,1.99656,31.20028,0.11711
102.1175,92.21105,5.8168,1.10885,40.63543,0.11297
118.65431,79.52043,5.49562,1.52602,46.11084,0.09039
93.51614,84.23033,4.51053,2.37581,45.57369,0.06262
62.30207,91.28378,9.04694,2.47496,54.26097,0.12239
24.24376,91.4042,8.11534,1.98854,52.47662,0.12009
55.92273,63.68772,9.05788,1.34391,26.97119,0.10713
41.26048,93.69971,7.92478,3.29108,50.37573,0.09975
34.6135,57.35142,6.43755,1.40071,30.78374,0.13661
30.90691,70.08305,7.68159,1.55055,34.11751,0.1244
120.85624,83.79785,5.04493,1.61496,52.77597,0.06278
111.45714,57.77006,4.29687,2.90571,32.52494,0.06449
91.10142,94.39674,5.6054,1.6975,52.52617,0.103
41.40668,87.56987,7.94737,2.80212,60.98061,0.1201
93.78824,84.27633,4.67695,1.82746,48.82714,0.07827
37.13856,53.05946,6.81745,1.72051,27.17756,0.10895
105.56095,63.40381,6.71716,2.58853,44.98031,0.08868
99.99353,80.73899,4.65968,1.53409,43.18153,0.09532
100.87281,73.79138,4.89931,1.28393,52.91943,0.11421
49.579,98.222,7.88644,3.29477,47.92695,0.12092
105.70952,66.99194,6.04324,3.0813,30.04005,0.05245
15.33839,47.5954,8.99641,1.24022,40.10809,0.09181
87.51567,65.17961,5.57647,2.45287,31.75604,0.05774
134.1707,78.55,4.56733,1.70864,46.0116,0.06686
96.48586,65.31448,7.06536,2.98981,41.67148,0.09135
115.11014,54.48338,5.28873,3.06324,35.38778,0.07327
53.1802,95.74264,9.67074,2.88648,62.91589,0.12118
16.50641,58.89644,6.46963,2.0471,28.26064,0.11513
39.15777,57.3424,8.29464,2.01975,37.16121,0.09649
95.60796,92.68759,6.26531,1.37062,55.26071,0.10038
49.40226,83.24897,8.82153,2.57164,53.43643,0.16593
119.80231,96.69135,3.12388,1.42911,45.20248,0.07501
36.82773,93.15805,9.50602,2.89013,50.8927,0.13666
85.03765,83.83674,4.43552,1.78345,55.69074,0.09883
45.50828,86.91547,8.4042,1.92974,53.3801,0.17881
96.89309,63.57777,4.25632,2.87047,30.31977,0.07836
95.38367,94.38779,6.13167,2.10328,46.61865,0.07
101.53424,61.32045,5.52939,2.70906,41.74378,0.10235
29.33279,65.11757,6.96886,1.74713,25.3483,0.0769
56.58027,48.31288,6.74998,2.13611,31.7295,0.12908
119.67167,92.84876,5.23466,2.09294,50.37258,0.08538
110.90793,69.60266,5.62265,2.70044,36.2937,0.04249
25.34279,48.86607,6.92666,1.98637,32.37097,0.06707
107.41963,58.89021,4.39522,2.63055,35.94247,0.0903
121.39233,77.43091,6.16221,2.12303,44.40795,0.08296
113.54543,82.14772,6.56173,1.69926,51.6314,0.10934
133.34616,90.73607,3.94325,2.12131,53.12841,0.06882
83.50078,97.52435,4.36664,1.47061,43.0435,0.0975
119.59604,102.08767,4.24008,1.99517,62.26,0.06709
8.85681,52.63578,8.66431,1.54124,47.13539,0.1292
41.97505,63.68982,8.35114,2.02322,26.25306,0.09782
36.79546,59.42183,7.51847,1.68644,28.80276,0.11382
98.39999,95.02284,4.45625,1.28702,48.60001,0.07612
58.10372,87.68906,8.57541,2.23095,49.22078,0.14279
34.99373,97.72537,7.72416,2.68438,49.45548,0.13759
82.09034,91.42586,5.32141,2.0205,56.20273,0.10362
107.19052,89.11669,6.0981,1.26566,50.05814,0.09433
85.87104,94.30931,6.28324,1.5954,44.00021,0.06662
28.75275,65.4313,7.06416,2.11971,40.69526,0.11101
37.36797,62.29034,7.34007,1.69216,32.67327,0.07426
14.49644,65.19123,6.47317,1.98017,31.28969,0.11962
85.06342,74.04676,4.94328,3.11571,34.95893,0.05349
37.9555,60.01511,6.75168,2.04224,35.4014,0.08908
41.952,99.13032,8.07463,2.7989,52.24747,0.1191
85.77629,55.45601,4.71683,2.6302,44.59341,0.06677
99.41293,73.6535,5.0159,3.2794,41.18501,0.0898
9.55816,61.10133,8.05777,1.53404,41.47952,0.12513
29.01056,54.19967,7.21505,1.68159,34.64534,0.1237
116.72227,64.06601,3.75267,2.10791,30.4083,0.09769
111.49022,65.16106,6.78014,3.0318,40.42291,0.0706
106.14132,95.27071,3.51393,1.31668,49.35548,0.08828
27.71144,64.90881,7.3298,1.3686,36.35177,0.10774
90.2388,81.1998,4.97989,1.98228,47.93384,0.02343
101.1112,103.90843,5.29148,1.56011,48.46266,0.0425
22.09056,44.66659,6.91664,2.1426,40.28311,0.07769
105.81309,53.63169,5.96882,3.11059,34.0946,0.04176
110.81633,94.66708,3.99037,2.09643,50.12093,0.08904
45.24966,92.8682,6.73472,2.01521,64.38968,0.12687
99.60675,95.88443,4.35063,1.83246,49.24095,0.05295
106.75887,64.03192,6.12053,3.06727,41.73554,0.08695
90.10637,66.97591,5.60772,2.80457,35.59507,0.05141
115.13951,69.34717,5.79105,2.76119,40.08692,0.09106
100.64115,60.82685,4.97662,2.44069,41.00727,0.06933
110.85281,58.93141,5.47408,2.56068,43.31639,0.08593
61.5344,93.76011,8.30883,2.60355,49.93725,0.12737
40.15156,55.49093,7.73272,1.13323,32.79566,0.08437
93.21639,79.87342,4.60393,1.71255,45.0046,0.1067
21.73995,90.64832,7.5574,1.69964,30.73715,0.08472
102.08833,61.92645,4.79751,2.95805,40.62052,0.06466
33.69088,71.98508,6.07792,1.74405,28.5736,0.12858
29.26763,51.46453,5.81717,1.71338,34.15528,0.07681
100.08859,62.85281,5.8158,2.62568,44.74052,0.06027
103.46761,65.58032,4.89814,2.99569,36.3853,0.07979
26.63112,63.40457,8.14964,1.11574,30.88169,0.11594
109.12762,92.67607,5.41129,1.31807,59.49248,0.06823
118.92298,95.6979,5.43969,1.32578,44.43334,0.07553
44.87001,87.40613,9.10586,2.66516,51.22473,0.14531
111.02436,62.37986,6.4817,3.05252,37.57866,0.07312
94.69231,89.05795,5.55442,1.59535,46.05656,0.07528
31.84804,63.02816,8.24843,1.53141,24.34996,0.11891
24.4463,55.43693,7.06638,1.88272,34.90088,0.10741
121.52612,79.67772,5.76589,1.77438,53.65656,0.08434
42.00338,84.77227,9.61103,2.48561,45.55957,0.15741
99.53048,60.60502,4.61487,3.20596,42.27585,0.08391
53.69275,56.28008,7.92984,2.23046,27.25813,0.11077
97.30494,56.88222,5.70511,2.74962,43.18363,0.07924
96.91576,88.30116,6.85096,1.65204,50.10814,0.1073
101.92095,62.29771,6.0912,3.26294,45.04975,0.10969
112.24202,77.35619,4.58589,1.96045,47.73237,0.08631
52.23341,97.3619,8.1045,2.31019,53.85079,0.14285
112.98822,84.67624,4.5864,1.05072,52.43885,0.11561
112.02916,58.31103,5.57497,2.98485,38.27481,0.09203
100.59836,55.74648,5.31752,3.05448,35.67364,0.04712
23.63978,60.41655,8.45949,1.9977,28.55532,0.12536
98.85348,55.88147,6.63369,2.65817,36.89728,0.08468
44.92276,70.29661,6.74954,1.80029,33.75259,0.09488
51.75057,55.74821,8.63501,2.01347,34.44142,0.08898
86.94137,64.40068,4.13978,2.38386,38.48928,0.06702
77.8903,94.07782,3.62075,2.36563,52.76939,0.1007
101.05231,95.03585,4.42294,1.11555,54.74291,0.11569
109.96443,95.48768,5.36592,2.00098,52.57508,0.12638
34.18799,52.99267,7.24676,1.75335,29.78244,0.09031
33.82722,52.15118,7.60474,1.01663,28.79454,0.13975
100.0781,65.5617,5.52841,3.24196,32.86766,0.09085
30.88725,92.55556,7.93799,2.57752,60.43752,0.15608
91.17242,96.49782,5.44432,1.4331,46.01259,0.12089
99.65879,88.12948,4.83434,2.37196,60.81841,0.03945
41.18813,88.59114,9.29853,3.04206,49.68781,0.12288
90.55632,60.25086,4.78694,2.69638,47.13253,0.07012
105.17788,61.28075,4.19427,2.5697,21.06985,0.06832
80.38946,64.67123,5.91529,3.18645,38.10745,0.06179
19.60501,58.42913,7.21143,1.53329,34.9674,0.07787
37.16949,89.61196,7.33139,2.90824,56.40413,0.16236
135.90927,63.4895,4.78468,2.2686,31.80708,0.08428
40.68716,100.06434,7.80643,2.53962,54.04313,0.09426
31.8053,56.92576,7.45314,1.97128,33.22926,0.14595
36.00117,59.72295,7.88471,1.4821,35.76693,0.11662
19.62501,63.34691,6.19806,1.90692,35.69881,0.10724
49.86808,66.47556,6.99951,1.24002,24.11319,0.10719
19.64798,63.40233,6.78801,1.71667,32.10544,0.10858
93.89952,57.46519,6.44429,2.72567,32.10125,0.0826
96.77132,73.25397,5.6676,2.22179,41.56716,0.06405
28.796,92.52125,8.81404,2.82974,51.60715,0.15377
29.34105,100.34149,8.22753,2.55712,58.88397,0.12004
44.35787,83.02436,8.6224,2.48141,42.60109,0.12692
117.48463,80.567,6.44312,1.96901,51.22987,0.08346
111.02174,99.86628,5.41605,1.38794,53.52923,0.09047
109.53063,66.1385,5.42362,3.25177,47.81052,0.055
88.95595,91.09644,5.50666,1.63719,48.51515,0.0784
29.68369,58.32484,7.43346,1.66138,35.36033,0.09362
78.44323,82.42207,4.58583,1.09734,48.67475,0.10143
114.02374,79.94245,5.54862,1.60962,52.36146,0.08144
2.26095,56.72506,7.29875,1.69379,38.04859,0.11279
37.34569,62.80168,7.09832,1.97324,32.32487,0.10431
112.13813,83.80076,5.0325,1.65581,55.3934,0.09604
28.59156,91.00443,8.81158,2.72754,42.66245,0.133
53.51829,90.0379,7.63343,1.81075,52.33751,0.13388
92.87959,77.99449,4.73513,1.70836,50.80773,0.07484
45.736,52.90887,6.01501,1.65075,29.96812,0.06188
102.492,65.91946,4.78613,2.52122,43.06699,0.05196
101.18485,69.59508,4.5598,2.28303,32.33825,0.058
102.96956,60.72913,5.58242,2.43024,34.38664,0.04293
58.47275,87.78888,7.25016,2.70021,48.51367,0.15295
107.15722,54.03017,4.65265,2.82065,40.26861,0.11965
43.99048,97.031,9.80553,2.75675,56.59655,0.1712
52.72844,94.64305,8.50988,2.65062,49.54436,0.11025
55.7038,93.35437,7.96021,2.62241,56.44365,0.14646
24.58606,51.28965,6.55189,1.84109,27.91631,0.07804
96.89778,77.13763,6.29281,1.7769,46.8657,0.11275
59.37315,91.41678,8.55008,2.52802,55.20699,0.15953
6.60985,67.2525,8.00187,2.12183,26.4408,0.10223
46.83649,56.47876,7.48893,2.30212,34.51649,0.10591
46.39552,61.23916,9.04373,2.12083,33.82836,0.09819
32.06013,77.35395,8.81578,2.39318,48.53281,0.14519
89.37125,60.80986,3.93753,2.83422,35.16753,0.04592
21.40245,61.42987,7.51052,1.70883,29.42134,0.09658
65.95449,56.35477,7.26787,2.46658,34.12064,0.06424
43.01073,52.01273,6.12629,2.05488,28.21737,0.12021
21.28866,62.9152,7.67964,1.72207,35.77715,0.0673
102.22589,93.98349,4.71112,1.38951,44.49245,0.09016
108.46073,99.20269,5.82596,1.81223,40.17192,0.10545
17.31291,58.80535,7.19406,1.80092,37.64463,0.10223
53.03487,102.22323,8.53785,3.06651,49.12449,0.14679
109.49571,98.06242,4.10512,1.89854,43.14506,0.0678
62.92285,99.6376,9.66098,2.82437,61.9693,0.127
111.62716,92.64371,5.49984,1.45893,49.12904,0.08693
112.4878,62.87605,5.17162,2.72096,31.42217,0.06615
104.16481,71.15224,5.31907,2.68663,31.39171,0.01801
16.48985,62.51418,6.56352,2.086,33.90198,0.11898
87.01169,86.16092,4.59284,2.22558,52.89813,0.11303
43.62875,45.63452,6.88555,1.45942,37.9075,0.0973
101.97469,91.20301,3.73821,1.50496,54.83206,0.12618
48.55156,61.16606,5.33783,2.07432,31.87668,0.09589
23.22889,60.21089,8.39448,1.72013,29.2815,0.11242
40.77276,50.62904,8.1193,1.72783,31.46535,0.13927
26.17012,49.75914,8.43779,1.51471,32.41987,0.05451
108.65609,57.29291,5.72153,3.06885,39.0018,0.07468
111.05547,103.25864,5.43236,1.6418,49.72406,0.05255
32.68444,88.11777,8.18758,3.36184,60.95288,0.13178
109.8536,90.73076,5.42463,2.63531,46.40798,0.10669
114.42732,84.06281,5.8483,1.89904,41.03704,0.09917
127.24979,89.16147,5.26409,1.38776,45.28701,0.09329
86.21895,91.72045,5.02311,1.09073,54.80162,0.09286
107.79432,55.69848,4.63714,3.42013,36.67409,0.0383
25.73232,53.35358,7.7535,1.91523,32.96064,0.09146
16.30957,58.62166,6.65625,0.95457,40.54314,0.10966
118.26751,55.53156,7.23335,2.96325,23.52564,0.08584
98.50012,56.3737,4.67459,2.84531,38.14465,0.07045
63.9264,85.81884,8.08437,2.88172,54.89326,0.09202
117.02724,79.13036,3.99759,1.80507,48.29373,0.10794
106.06762,65.70114,6.65073,2.71015,35.75903,0.06533
121.11216,95.78324,5.76231,1.39356,52.03701,0.06236
123.64738,51.63986,5.9368,2.91526,31.63462,0.08754
34.11683,83.31101,8.03905,2.74163,47.30197,0.14731
106.07369,79.6476,6.24106,1.21114,53.03224,0.10793
22.00853,85.8987,8.81383,2.70586,53.18668,0.10625
104.78751,70.39983,4.79779,3.36331,42.79041,0.05892
110.43868,57.25432,5.68064,3.11454,42.30635,0.07911
109.49217,71.80265,5.66619,2.70125,28.41651,0.02902
62.25462,86.31318,7.42789,3.201,50.76808,0.11658
123.01078,50.49139,5.80365,2.86817,40.64043,0.07618
88.40427,51.50465,6.20367,2.59085,28.41529,0.06788
106.50827,77.72505,4.9018,1.96553,50.34619,0.11757
106.74339,54.83646,5.06565,2.57931,39.23497,0.05704
44.96027,69.22867,7.25734,1.53042,45.33054,0.10995
109.2753,91.2258,3.8652,1.80484,54.85662,0.04724
24.27377,59.62235,7.47356,1.63274,35.22671,0.07417
33.22147,54.77324,5.62507,1.78718,34.2869,0.12607
87.3159,63.98093,5.83661,3.05033,49.0377,0.04069
97.59904,62.95205,4.55504,3.19231,41.83502,0.09064
88.36011,56.52653,4.63462,2.79433,37.51477,0.07871
109.3109,84.42075,4.7651,1.60522,44.33708,0.0598
124.70186,97.6406,6.18168,1.68598,46.93325,0.07714
22.01505,60.93743,7.14045,2.15928,25.20561,0.10954
89.92348,63.34911,5.33001,2.79501,39.89272,0.06377
101.18467,89.04301,4.81292,1.74089,48.78653,0.10245
111.57848,63.61936,5.62142,3.64859,36.34241,0.08495
109.291,91.53868,4.4745,1.67906,40.96477,0.09963
45.03547,59.27886,6.78051,1.80507,25.92887,0.09892
121.21042,92.75864,6.22751,1.1749,49.48271,0.09217
52.82836,86.70257,9.17714,2.77423,51.18893,0.11613
106.61341,59.52458,5.34876,2.4216,34.71855,0.08767
116.15095,61.41964,5.02048,2.96271,35.57181,0.08948
24.00855,57.18244,6.35857,1.35098,26.59007,0.09931
32.87005,55.5609,6.61479,1.75478,20.30479,0.10902
110.41297,77.22225,4.88458,0.97971,58.28368,0.09383
112.95372,82.21865,4.94135,1.62949,37.79454,0.06048
23.30439,95.2321,8.55787,2.30217,50.704,0.12837
31.43785,72.83572,6.49808,1.40652,25.53891,0.12965
101.03453,81.55696,5.04253,1.93493,49.84074,0.09565
113.5612,92.69335,4.33692,2.25855,51.67604,0.06011
39.40672,70.843,6.81288,2.18071,32.72651,0.14412
24.57045,61.75912,7.77178,1.97572,33.72925,0.12434
18.10085,58.02262,7.75819,1.42813,33.70191,0.10015
52.53227,85.17786,8.79824,2.40297,56.19784,0.09944
98.01939,87.01693,5.50083,1.00873,40.74653,0.07842
114.08115,89.77636,5.33956,1.37014,50.08555,0.05622
115.55182,81.03403,6.20638,1.8733,38.98503,0.08903
19.25323,68.70632,7.17478,2.67192,34.78425,0.13271
86.24546,53.96657,5.23799,3.14356,32.76146,0.06058
29.73126,56.75053,7.65235,1.3154,30.52127,0.13257
39.61477,97.88152,8.03286,3.01922,50.38746,0.13503
67.82094,95.80338,8.575,2.80857,56.19386,0.11297
24.60823,68.23432,8.86708,1.62444,24.20765,0.09066
32.28361,61.38881,8.64948,1.67334,36.18021,0.1112
101.1486,89.38211,4.01414,1.11308,42.76218,0.0682
99.82657,64.84056,5.77602,2.85576,38.23406,0.04972
30.93981,49.38818,6.82722,1.60148,41.62302,0.14897
14.99572,53.12574,7.35042,1.55134,28.12185,0.09613
38.83119,58.0988,8.43287,1.63502,42.91993,0.09451
112.95139,70.5969,5.43005,3.03053,33.51572,0.05809
41.66709,54.92961,8.83194,1.51964,23.01266,0.14594
42.83206,70.32207,7.23155,1.04574,31.76403,0.1146
98.23619,64.13042,5.99726,2.78474,42.06473,0.07499
48.94476,69.72714,7.47925,1.41735,19.91431,0.07513
91.25271,87.22168,6.02806,1.54111,50.45008,0.06911
27.78243,67.37112,7.40003,1.78376,35.93214,0.11301
51.46405,70.64357,9.29095,2.55529,48.88766,0.13713
130.29075,86.24126,5.05869,1.90712,54.26543,0.06643
43.21813,50.85695,8.22115,1.18115,18.9842,0.08802
60.47093,100.06682,8.39566,2.45126,49.12422,0.14122
33.4074,55.72185,6.288,1.68676,32.82613,0.10684
34.83571,65.58016,7.50246,1.94311,29.98245,0.12462
48.10547,100.08914,9.09503,2.3144,45.63978,0.13528
103.68986,56.99945,4.70731,2.51354,28.85411,0.06606
103.11428,67.92345,5.41032,2.85249,42.15328,0.08727
58.84386,99.54871,8.22129,2.95191,53.92233,0.1399
97.44887,56.55737,4.25583,2.76691,36.25831,0.05641
11.68201,59.79515,7.67473,1.68168,27.93622,0.06591
27.08732,75.51242,6.40186,1.52768,28.89077,0.10364
45.18729,49.3272,7.3363,2.22394,25.96009,0.1318
47.35061,53.60853,6.49161,1.67925,32.98364,0.09512
111.29009,88.30426,5.07987,1.64692,57.8678,0.09993
103.55071,98.01528,5.39957,2.11163,47.56559,0.0812
12.6709,73.57196,7.01988,1.90452,30.5493,0.1173
93.17691,51.30957,5.44582,3.07034,43.70798,0.07569
114.30502,95.10324,5.49606,1.83521,55.94218,0.07988
20.22612,66.71267,7.53388,1.59981,39.63494,0.12991
91.43136,44.72908,4.6048,2.81206,42.28082,0.07882
37.74808,62.20114,6.80612,1.58423,28.66619,0.10389
119.10339,50.72425,6.93652,2.77307,34.27348,0.05538
27.15236,57.6271,6.41629,2.38293,39.52327,0.10783
43.25645,104.13655,8.06312,2.45129,56.32329,0.10474
47.4512,90.71188,8.68817,3.1146,47.79549,0.12402
30.99663,87.76169,8.83194,2.71167,55.06461,0.13775
37.70953,101.93686,8.99267,2.98794,53.2732,0.16675
55.2829,86.92166,9.51337,2.4891,51.71248,0.13917
35.55993,73.02311,6.91321,1.73996,36.31587,0.11716
43.63694,65.14722,6.85052,1.84646,33.8555,0.13184
52.46978,42.52128,7.38351,1.85433,30.73722,0.10915
46.29584,93.01176,8.45746,2.56158,59.63864,0.12048
52.38458,94.22039,8.74191,2.87678,51.11991,0.14838
47.42789,91.46811,6.5884,1.92995,57.77703,0.13527
17.56587,67.22864,7.30001,1.57379,40.17881,0.11697
80.72883,60.73637,5.63031,2.33927,29.74085,0.06196
94.0809,89.56271,5.62855,1.35707,58.27898,0.11561
29.7688,56.49513,6.46787,1.9465,21.80042,0.11112
107.20086,70.76666,5.68165,3.06344,36.92522,0.06651
30.30484,99.09817,8.50554,2.11304,53.40242,0.14303
56.16103,98.35401,9.2747,2.56295,62.86524,0.07385
30.78155,57.34907,7.72786,2.05694,33.80029,0.06744
116.32254,103.60035,3.69206,1.21059,49.02686,0.03975
58.82048,81.17751,9.62332,2.75497,51.59651,0.14818
54.16343,62.77888,6.02333,2.01115,35.96083,0.13329
94.28261,59.89088,4.89848,2.87359,35.8826,0.06105
102.71497,92.40643,4.58289,1.73587,46.60789,0.08392
38.08277,66.53011,6.36115,1.90487,39.01016,0.06313
101.11774,61.93626,4.10141,2.80206,40.51249,0.03714
36.33728,62.37658,7.69795,1.76236,30.06114,0.12704
50.21257,98.30479,8.88351,2.70649,57.58364,0.11864
36.30784,94.07436,8.31117,2.82416,53.65925,0.08106
48.35864,94.33221,8.5896,3.42585,56.56401,0.13805
104.23007,75.58933,5.70202,1.74236,40.77164,0.06145
112.76738,59.43252,6.34245,3.46603,33.98047,0.06314
34.0191,65.92153,8.27314,1.82721,30.10438,0.09361
89.08935,56.34564,5.55605,2.97339,34.41024,0.06269
99.49105,63.2433,4.94859,1.77744,49.17052,0.09464
101.80162,54.45588,5.65394,2.85483,34.22604,0.0447
87.81696,63.24674,5.56478,3.02497,42.92733,0.07445
92.34037,55.46298,6.79317,2.98271,40.86596,0.08122
66.1354,89.2502,8.7632,2.64714,52.02188,0.11782
116.60028,93.58415,5.04036,1.32802,51.95325,0.08823
30.74136,50.74484,6.75844,2.04962,29.48611,0.14609
31.35064,69.63372,5.90139,1.91266,40.0816,0.1056
101.74382,49.36179,6.05092,2.53612,44.54564,0.07973
52.2059,85.31819,8.6175,3.3787,54.92002,0.14708
112.77445,57.03864,5.18393,2.19153,39.5217,0.0958
96.57237,70.79052,4.80404,3.57534,40.82629,0.08907
103.62328,61.67804,4.24616,2.67052,34.74197,0.0982
74.83326,52.81459,5.3202,2.19965,56.60947,0.07799
108.67482,59.89292,4.91913,3.26309,39.41411,0.07114
48.133,91.08357,8.01968,2.87339,50.49938,0.12316
25.25795,66.9925,8.14352,1.49152,28.70407,0.12606
84.18461,87.14817,5.59278,1.37756,44.31374,0.12254
23.65056,64.53611,6.70356,2.0332,26.86849,0.13151
117.0352,60.82304,6.17236,2.60522,41.21606,0.05565
62.97205,99.41051,6.80805,2.75654,60.05913,0.10391
111.41536,84.71179,3.79357,1.95269,53.41986,0.10595
95.51043,94.73235,5.06656,1.40111,48.01793,0.07394
67.04751,93.95399,8.39754,1.88422,49.04294,0.14025
82.35987,58.99135,6.13436,2.95236,39.84179,0.07555
111.12193,70.48473,5.10515,3.62461,41.42417,0.07889
52.20722,56.08007,7.90435,2.02233,23.95788,0.10505
15.24619,51.5045,6.96805,1.67568,29.86327,0.05962
100.80679,67.02736,7.20347,3.00993,33.26432,0.06435
124.44494,82.66651,3.66484,1.00172,46.21569,0.09068
104.36007,95.91764,5.7153,1.81863,43.81343,0.08076
81.2271,63.73269,5.15318,2.77967,38.8908,0.0486
18.69043,58.16764,6.98393,1.22062,22.5902,0.10208
91.21784,69.99128,5.38381,2.46247,38.33292,0.07404
84.94508,96.10104,8.1718,2.20813,54.12037,0.1445
81.06923,92.99437,4.92333,1.54606,36.73931,0.11567
121.04769,72.50145,6.50575,3.02059,36.09399,0.06687
97.78189,57.91951,6.72474,3.12306,39.59642,0.06721
40.5494,101.70261,9.09558,3.18961,51.71472,0.13727
49.94804,87.67661,7.88096,2.74281,55.21178,0.15247
43.67457,82.00355,7.84588,2.94276,47.39547,0.16727
31.66201,65.37451,5.84955,1.30999,32.86413,0.06848
92.04669,73.16892,4.5752,1.27158,48.76092,0.08897
110.4099,78.93702,5.65902,2.05147,49.51592,0.11066
89.83063,64.98349,4.94527,2.40461,39.16175,0.04442
105.41736,88.13295,5.31186,1.84671,53.15687,0.06433
109.20095,54.33377,4.39236,3.7827,44.62861,0.07875
30.90041,85.58204,8.84274,2.75097,59.61449,0.11455
51.45937,93.61972,8.93172,2.34426,55.19791,0.13671
33.64025,65.66082,5.85874,1.57123,34.87645,0.12312
30.24145,70.91636,7.86085,1.58219,28.48542,0.07973
49.55051,89.19567,8.06202,3.05923,50.58878,0.13294
96.0956,63.22969,5.34732,3.11017,32.5252,0.03866
40.86355,99.58126,8.21424,2.18259,53.72308,0.12453
90.45132,67.28941,3.6751,3.076,30.63974,0.07706
17.77046,55.31221,6.7773,2.073,37.00437,0.05355
112.43031,63.93509,4.13723,3.03091,33.16448,0.0885
1.84764,43.42141,8.0051,2.07534,29.5112,0.10807
129.18977,89.29895,4.1163,1.56404,59.98087,0.10114
52.94386,79.04503,8.73883,2.88445,62.86932,0.14449
125.12153,95.14068,6.77636,1.66702,52.51655,0.12857
84.45265,70.6501,4.7296,2.67108,37.46012,0.07604
42.57875,93.15603,8.99108,2.03833,55.18846,0.1379
111.72428,87.05759,4.52528,1.6246,43.97116,0.06415
90.08709,92.01579,4.97834,2.09318,50.63881,0.10145
32.66634,61.24094,6.62106,1.90265,37.64857,0.11251
107.06694,92.27665,5.00921,1.63926,56.81732,0.0239
97.97112,73.55689,6.32425,2.39321,46.46955,0.04882
44.77873,65.65868,8.41349,1.77423,23.33451,0.11328
100.23302,94.44587,4.99165,1.82688,45.60627,0.10988
48.89543,90.05597,7.94993,2.58708,50.26706,0.16614
42.90155,64.82604,5.67352,0.98346,40.28532,0.08963
34.67911,60.66799,6.80139,2.38044,32.16636,0.09753
92.73953,69.34623,5.06656,3.20745,33.96752,0.04595
99.5594,53.70528,5.40322,2.96974,39.11284,0.07459
49.64858,54.94254,7.68743,1.75546,30.67313,0.09685
30.86681,91.66445,9.48911,2.61099,49.14538,0.13241
52.28652,92.91135,9.86262,3.0929,50.00821,0.11611
103.2299,63.71062,4.08489,2.81256,40.30266,0.06844
60.57041,95.82505,7.57352,2.44227,59.98547,0.14774
106.14848,86.23194,5.0746,1.99438,47.40195,0.07103
93.66524,59.78258,5.81114,2.37588,49.05585,0.07257
39.9866,61.72556,8.56154,1.35844,33.01637,0.12174
59.81245,89.92678,9.69103,2.1575,48.44206,0.10732
60.33201,93.63978,8.79439,2.61099,45.09671,0.14185
26.7961,82.88698,7.34591,2.92304,59.74814,0.15299
32.44142,52.33502,8.02573,2.07269,25.52612,0.09237
36.37998,51.60723,6.92453,1.61434,31.44809,0.11235
100.89294,95.48361,5.01231,1.33649,51.78831,0.07629
38.45624,90.73426,8.60317,2.84407,46.4818,0.1174
31.33381,74.71148,7.33053,1.28842,34.50548,0.08485
123.81604,94.60213,3.72254,2.04239,56.73086,0.06761
39.73538,91.05106,8.77598,2.47148,51.058,0.12774
116.7013,56.51092,5.49504,2.82163,36.88111,0.07555
122.35892,68.8648,4.99856,3.20993,46.40567,0.05133
16.12584,67.88517,6.07216,1.7814,22.50819,0.09893
32.96361,63.0555,8.01415,1.64625,21.44786,0.08247
49.25021,96.55932,8.29421,2.37835,50.98106,0.11985
60.28446,94.34972,8.00564,2.4461,53.46445,0.12606
47.36982,57.71368,6.80399,1.21093,32.81213,0.0948
29.42432,72.1579,8.21586,1.63454,31.14609,0.06903
117.35279,82.10007,4.12952,1.31284,55.18675,0.08565
115.12952,58.62688,4.85686,2.45049,30.85779,0.04707
112.44472,66.41561,4.91652,2.4589,35.47103,0.07956
101.22849,98.97184,4.185,1.3261,52.72286,0.039
45.54274,74.89099,8.45699,2.27478,49.45223,0.1293
113.59156,97.11706,4.05767,1.33801,48.58822,0.09047
122.87315,91.18428,5.45396,1.63889,47.94874,0.0436
41.74344,48.08848,7.00383,1.25412,28.20141,0.13561
98.55397,94.72332,4.32115,1.30191,52.01567,0.12098
94.52784,86.05743,5.96429,1.95782,56.43691,0.10429
40.01882,56.11013,7.53933,1.67791,38.33076,0.12258
101.32125,52.45871,4.7212,3.58504,34.69499,0.04676
122.648,63.76434,5.52982,2.82236,44.33327,0.05771
73.09676,97.54835,8.05496,2.83548,48.41804,0.13102
57.69661,92.57703,8.63709,2.6506,52.89164,0.12103
22.33643,53.02797,8.04342,2.0079,31.64962,0.15502
49.92376,60.52239,7.34291,1.80755,29.02847,0.11288
19.67987,92.1916,7.99861,2.22182,53.03344,0.13036
117.61584,88.62786,5.0242,1.70146,52.33727,0.10161
125.21654,98.65717,5.37281,1.95183,40.70105,0.08853
106.53672,54.39239,5.16237,3.40987,32.03305,0.09432
18.53834,58.60559,6.83275,2.11792,34.49924,0.08496
106.03645,89.27881,4.61835,1.73463,58.58907,0.09831
97.21383,56.15197,5.04665,3.2463,34.27698,0.05697
88.72822,61.0637,6.41132,2.51361,33.30909,0.03699
109.04577,71.65531,6.24417,3.26227,40.72421,0.05258
105.03309,86.97787,5.64553,1.78077,54.33741,0.08643
52.29845,86.17065,7.51346,2.58682,55.27358,0.11232
108.06897,74.45503,5.84194,2.71576,36.06387,0.06128
40.95021,96.53879,7.16512,2.52242,56.17666,0.14892
54.79312,92.49199,9.71297,3.39571,50.1867,0.10201
44.52669,58.8637,7.32288,2.3819,25.83884,0.10836
59.22533,89.83617,7.66433,2.57118,45.88253,0.14649
94.72686,63.11028,6.03185,3.00481,31.71866,0.0592
42.90123,54.24512,6.24017,1.23885,38.42123,0.06292
37.99383,87.96856,7.93031,2.26989,53.56159,0.16406
113.79868,64.90233,5.97664,3.69141,39.58983,0.06449
14.56046,71.2629,8.14172,1.93773,34.60497,0.10587
93.33224,62.4922,5.65414,2.80452,36.36573,0.07324
41.82371,93.39057,8.36208,2.86892,46.72047,0.13699
83.72928,58.18264,5.94332,2.98685,39.03125,0.074
28.51836,69.16111,5.75653,1.31922,29.79252,0.11423
32.57646,50.00055,6.8534,1.96437,42.18602,0.11765
106.09524,87.4779,4.66786,2.15088,49.37578,0.09262
115.261,89.5607,5.17912,1.70865,55.67704,0.09819
47.6425,63.60827,6.63072,1.58321,42.04461,0.13174
96.36008,91.80931,4.99764,0.97499,45.86771,0.07591
53.97725,96.77429,8.21069,2.59277,47.67141,0.14618
45.65729,86.20971,7.33888,2.61173,53.57556,0.17233
16.55324,69.03087,8.00134,2.09306,27.86296,0.12206
86.18024,67.17543,5.44566,2.7886,35.63324,0.10155
45.71567,101.20758,8.32281,2.10686,63.32838,0.12139
107.33444,92.30452,4.882,1.58469,59.4349,0.10728
14.96619,62.38456,6.10173,1.96451,42.64326,0.10989
104.96957,62.392,5.62865,3.08575,38.42167,0.07486
38.26153,63.87557,8.41231,1.21188,23.19421,0.09901
126.41673,55.67068,6.68928,2.72397,31.28222,0.08589
25.36919,64.30679,8.48261,1.75339,29.28264,0.09701
99.54587,61.01294,4.99224,3.38171,34.33573,0.07136
39.58814,92.70137,7.77828,3.23313,66.21532,0.1221
31.54465,54.71723,7.74385,1.80728,43.02421,0.08088
110.67217,64.90346,5.35277,3.41963,42.15284,0.02586
48.71179,53.78012,6.19892,2.2093,37.13726,0.0944
113.69612,97.87808,4.20148,1.0214,57.8618,0.06195
64.0724,91.03765,8.86381,3.09958,53.08075,0.14167
59.11561,94.57787,8.94507,2.46373,49.8875,0.14664
46.85667,95.24301,8.93716,2.193,49.32046,0.13029
38.31475,82.40816,8.29187,2.51109,49.00346,0.1105
92.888,58.22895,6.39366,2.48942,39.63158,0.02916
56.35289,51.86876,4.98702,1.30784,29.23196,0.11853
103.1359,63.60008,6.05946,2.79098,27.93039,0.06489
37.43709,58.89265,6.65191,1.88579,41.17998,0.1513
48.19498,100.1609,7.27619,3.14198,40.3915,0.13822
47.75205,89.13261,8.66336,3.15797,48.6589,0.12199
64.07531,94.02117,8.68068,1.87796,57.91005,0.15048
79.0622,51.58659,6.13855,3.04547,36.02658,0.0928
115.78774,51.76574,3.31187,1.83134,30.90392,0.0523
